ngram,EN,DE,ES,FR,IT,AL
a,394,609,4050,2307,4949,2857
aar,52,53,54,44,1,43
aro,58,51,155,79,275,52
ron,87,71,464,185,372,109
oni,1,6,10,1,67,420
ni,4,4,66,41,387,562
i,508,230,495,1778,6486,4540
nin,54,0,15,0,1,158
in,739,1218,27,289,382,799
n,2632,7258,2812,2524,1527,1876
nit,17,22,42,30,67,205
it,342,354,0,1319,2,1321
t,3243,2829,1,6962,59,2667
abd,0,1,1,0,0,1
bde,0,3,1,0,0,1
dee,19,1,1,0,0,1
eel,12,28,3,0,2,3
eli,40,23,18,0,107,174
li,7,6,2,23,1036,203
abe,3,493,51,3,14,2
bel,17,16,7,13,22,6
el,268,320,1151,374,567,22
l,1342,653,1786,2025,2396,98
abi,24,18,67,58,82,22
bia,1,1,1,1,46,1
ias,1,2,31,1,26,1
asa,2,3,145,3,84,45
saf,0,0,0,0,2,2
afi,0,0,4,42,1,3
fi,0,0,0,0,0,105
bib,80,78,75,73,75,70
ibi,0,0,24,8,12,1
bit,14,13,37,47,49,75
bid,5,1,4,1,1,1
ida,1,1,58,4,13,1
dah,34,20,0,0,0,1
ahu,1,1,1,1,0,61
hu,1,2,0,2,1,66
u,453,892,782,1467,210,1449
bih,1,1,0,1,0,1
ihu,1,4,1,1,0,1
hun,33,29,2,1,0,27
un,11,134,129,254,267,72
bim,7,13,7,7,21,25
ime,63,27,54,12,42,124
mel,40,81,41,2,33,7
ele,18,93,33,5,149,23
lek,7,6,0,2,2,9
eku,0,0,0,0,0,68
ku,0,0,0,0,0,126
kut,0,0,0,0,0,30
ut,363,47,0,292,0,157
abr,73,84,141,86,110,81
bra,77,135,135,91,143,85
rah,97,139,54,73,0,112
aha,75,97,58,77,0,94
ham,87,95,97,169,0,109
am,183,203,79,100,30,155
m,1097,1559,142,314,84,626
ami,59,39,72,64,81,159
mi,2,2,249,26,244,183
min,80,24,61,82,157,80
mit,24,312,6,40,6,106
ada,11,11,141,11,38,18
da,1,437,260,61,245,36
adh,0,0,0,0,0,59
dhu,0,0,0,0,0,72
hur,8,8,14,3,5,95
uri,22,5,30,19,10,129
rim,3,5,60,4,127,41
im,377,116,25,13,23,329
uro,0,0,13,6,39,15
roi,2,0,0,84,4,48
oi,2,0,0,375,495,258
rov,23,0,5,6,102,9
ova,288,0,12,2,83,17
va,0,1,48,126,326,20
uru,0,0,0,33,0,2
rua,0,0,0,0,0,157
uan,0,0,95,61,199,103
an,371,473,263,157,173,203
adr,0,0,237,0,254,17
dra,17,3,21,51,13,14
ra,4,18,948,304,712,293
rat,26,30,9,20,228,116
at,766,203,1,3,21,186
drã,0,11,52,1,9,9
rã,0,103,722,507,286,1394
ã,0,1113,5427,4702,1411,14347
adu,3,4,16,4,14,4
dul,3,3,5,3,3,3
ula,0,1,1,3,2,3
lam,20,12,131,12,16,10
iti,10,1,5,4,140,61
tit,19,0,7,69,76,307
ull,16,3,6,3,97,151
lla,21,3,298,52,453,105
ti,2,0,71,10,784,534
adã,0,0,3,0,0,4
dã,0,3,259,114,20,277
afa,2,0,1,0,1,5
fat,206,0,2,0,106,9
ati,63,0,6,67,101,197
afr,7,0,1,0,0,24
fro,178,2,0,7,26,30
ro,3,2,296,3,691,13
o,1854,472,4703,8,6774,1050
roh,0,15,1,0,0,24
ohe,1,11,0,0,0,70
hej,0,0,0,0,0,31
ej,0,0,0,0,0,109
j,0,0,0,119,0,1146
hen,239,362,8,14,0,70
en,784,4000,820,428,29,125
het,27,46,15,46,5,111
et,256,187,0,3392,1,313
ohu,0,0,0,0,0,30
uni,3,3,7,13,47,42
fru,12,8,8,12,9,12
ua,5,5,42,9,186,166
afs,0,0,0,0,0,37
fsh,0,0,0,0,0,66
sh,33,0,74,7,0,237
h,1900,2053,149,314,45,356
afã,0,0,0,0,0,17
fã,0,28,5,7,4,66
aga,78,1,19,1,16,2
gar,18,9,83,63,18,21
ar,140,216,244,254,67,208
r,2028,4755,1171,1796,534,1544
agi,9,0,1,4,14,3
gim,0,0,0,0,1,10
imi,3,3,47,3,22,106
ah,502,76,7,6,0,48
huc,0,0,0,2,0,1
uca,0,0,1,0,2,1
cat,38,0,10,12,39,7
ath,379,24,20,25,0,35
thi,244,19,0,16,0,71
hin,81,196,2,1,4,125
ai,3,1,0,291,287,303
aja,0,1,26,0,0,70
ja,0,10,76,0,0,291
ajo,0,3,30,1,0,90
jo,0,0,460,0,0,143
aka,1,1,0,1,1,8
kan,2,65,0,2,2,81
ani,18,15,103,7,118,257
akb,0,0,0,0,0,2
kbo,0,0,0,0,0,2
bor,71,36,27,8,6,5
ori,17,13,52,23,133,135
rit,18,24,21,91,95,327
ako,0,173,0,0,0,236
kom,0,108,0,0,0,25
oma,13,2,74,3,54,37
ma,2,13,66,90,228,34
alb,0,11,3,0,5,69
lba,0,0,3,0,0,70
ban,61,59,56,65,65,193
nia,0,0,0,0,20,95
ian,92,10,22,15,212,78
ale,22,6,75,12,85,18
lea,87,39,41,0,14,36
ean,9,1,4,0,7,7
anc,27,0,37,74,157,2
ncã,0,0,0,9,0,3
cã,0,0,89,26,14,18
alo,7,0,15,23,10,34
lon,21,8,2,70,38,24
on,569,378,699,1292,675,57
ont,18,2,162,406,160,52
nte,42,177,355,249,198,108
te,96,999,661,591,761,510
e,7380,4887,5964,7452,8218,6319
alt,81,79,20,2,61,10
lta,5,8,32,0,74,7
tar,15,38,144,4,88,35
ari,31,28,81,16,53,70
rin,125,102,30,8,16,146
alv,5,0,6,2,20,2
lva,5,0,6,2,19,2
vah,291,0,0,2,0,3
van,109,0,39,162,183,3
ama,21,20,85,27,68,24
mal,20,44,51,27,35,23
ek,11,8,1,3,2,51
k,265,239,2,5,4,400
kun,0,8,0,0,0,60
ina,20,78,69,17,99,14
nad,2,23,82,2,2,2
dab,2,6,6,2,2,3
amo,40,4,81,16,211,18
mor,95,60,77,45,139,83
ore,260,46,44,65,479,41
rej,0,0,4,0,0,95
ejt,0,0,0,0,0,65
jtã,0,0,0,0,0,221
tã,0,96,137,224,106,4349
ejv,0,0,0,0,0,22
jve,0,0,0,0,0,82
ve,379,0,36,63,84,358
amr,9,9,7,9,9,8
mra,4,4,4,4,4,24
ram,18,6,59,31,161,26
ana,71,72,209,71,90,72
na,7,20,199,97,267,103
nah,33,92,4,0,0,26
hut,1,0,1,0,0,22
and,3795,513,208,152,376,48
nde,72,625,122,40,159,107
dej,0,0,63,0,0,8
ane,3,0,26,10,86,21
nem,4,212,8,23,7,1
emb,23,0,17,41,9,14
mba,4,0,5,7,17,110
anã,0,1,6,12,9,236
nã,0,18,75,214,33,1931
ang,36,117,32,116,100,2
nga,1,1,17,0,13,335
itã,0,0,23,24,46,191
nij,0,0,0,0,0,1
ije,0,0,51,0,0,14
jet,5,9,12,40,0,257
ank,7,22,0,0,0,7
nkt,0,16,0,0,0,6
kth,0,0,0,0,0,70
th,743,54,51,52,0,21
hit,35,14,3,0,26,48
ano,100,77,404,72,430,179
non,93,78,75,93,427,89
ony,80,77,75,72,74,69
nym,79,77,74,72,74,69
ymo,79,77,74,72,74,69
mou,117,77,74,132,74,69
ous,222,77,74,706,74,69
us,253,305,442,799,78,80
s,3539,2512,5949,6650,89,623
ant,129,76,251,496,242,14
nta,20,1,157,90,119,1
ta,0,0,207,207,358,400
ntã,0,0,66,43,24,10
apo,2,0,7,0,69,23
po,0,0,64,0,162,116
aq,0,0,0,0,0,30
q,0,0,0,5,0,75
ara,227,214,527,251,293,399
ame,356,105,104,45,117,7
meu,0,0,0,30,0,5
eu,0,0,0,266,0,60
eut,0,68,0,35,0,18
ran,31,38,99,89,256,109
rav,9,0,23,13,32,22
ave,251,0,11,228,260,54
arb,1,36,1,79,3,3
rba,1,3,9,2,7,13
ba,8,16,124,13,12,22
ard,98,109,50,74,29,52
rdh,0,1,0,0,0,128
dhm,0,0,0,0,0,3
hme,0,48,0,0,0,41
men,111,211,112,229,150,35
dhs,0,0,0,0,0,1
hsh,1,2,0,1,0,1
shm,14,0,0,1,0,51
me,711,72,209,395,319,540
ur,205,58,5,937,5,384
urv,0,0,0,0,0,1
rve,45,0,0,23,27,48
rdi,53,0,19,4,48,2
di,1,1,9,5,1081,121
are,252,62,125,17,355,12
re,773,231,688,856,1443,281
rel,24,2,4,11,26,1
arg,13,1,24,45,22,44
rgj,0,0,0,0,0,116
gje,0,0,0,0,0,160
jen,0,8,5,0,0,71
end,47,82,362,213,217,394
nd,3853,2900,0,82,6,242
d,6507,3245,205,642,316,245
ndi,10,21,208,65,82,466
gji,0,0,0,0,0,475
jil,0,0,0,0,0,1
ilã,0,0,1,2,7,12
lã,0,32,83,325,107,277
gjã,0,0,0,0,0,94
jã,0,3,17,10,0,806
ri,8,7,8,19,226,537
ark,34,10,0,0,0,35
rki,0,0,0,0,0,6
kit,0,0,0,0,0,4
itr,0,0,0,0,7,4
tra,24,60,276,71,227,74
rau,0,97,0,0,0,6
aun,0,0,17,0,0,5
kiv,0,0,0,0,0,1
ivo,0,0,5,0,32,2
vol,0,121,58,10,64,1
ol,7,3,9,8,10,4
arm,32,19,13,36,26,10
rma,0,89,178,4,21,2
mat,9,8,36,31,62,12
ato,0,0,11,4,345,51
tos,0,0,115,0,12,6
osu,0,2,7,0,0,11
sur,26,3,7,210,9,30
rmi,2,2,32,24,32,6
miq,0,0,0,0,0,5
iqt,0,0,0,0,0,1
qtã,0,0,0,0,0,6
iqv,0,0,0,0,0,3
qve,0,0,0,0,0,3
rmã,0,0,1,17,0,12
mã,0,57,197,107,21,529
rod,29,1,12,6,24,10
odi,3,1,10,1,26,13
arr,26,3,40,97,76,135
rri,8,7,21,107,84,143
rij,0,1,0,0,0,20
ij,0,0,0,0,0,450
ijm,0,0,0,0,0,1
jmã,0,0,0,0,0,42
ijã,0,0,6,0,0,101
ini,7,3,45,6,125,65
int,124,29,36,183,73,40
itu,8,0,21,20,32,57
tur,54,4,33,22,21,105
ars,74,5,8,10,17,6
rsy,0,0,0,0,0,5
sye,0,0,0,0,0,11
ye,171,0,4,0,0,32
art,100,14,75,38,176,42
rta,8,0,47,39,56,21
rte,16,227,63,59,52,24
tet,6,183,0,2,5,86
tev,0,0,0,0,24,9
eve,177,0,9,32,21,78
rti,8,6,22,98,106,16
tin,26,7,7,48,77,83
rtã,0,1,16,15,13,40
arã,0,4,371,8,122,197
as,392,534,1195,360,3,119
saj,0,0,3,0,0,79
aj,0,0,0,0,0,381
sam,23,90,16,3,14,14
amb,10,0,107,6,40,15
mbl,10,0,9,28,3,23
ble,165,98,85,110,77,105
lej,0,0,6,0,0,21
eja,0,0,119,0,0,21
les,108,55,136,931,2,7
esã,0,21,13,0,1,66
sã,0,92,524,135,281,372
ase,27,45,43,7,45,11
sen,99,247,67,35,94,22
ena,16,11,27,79,46,9
nat,20,19,11,15,83,46
hi,2,1,1,3,132,103
asg,0,0,3,0,0,11
sgj,0,0,0,0,0,11
ash,13,0,0,4,0,244
shb,3,0,2,3,0,3
hbe,1,0,0,1,0,1
she,234,6,0,14,0,77
her,905,639,220,37,26,225
er,1063,3297,315,417,421,78
eri,23,24,41,7,114,140
shp,0,0,0,0,0,77
hpr,0,0,0,0,0,14
pra,45,459,22,0,18,140
hpã,0,0,0,0,0,20
pã,0,4,20,262,25,849
sht,0,0,0,0,0,997
htu,0,2,0,0,0,245
tu,0,1,238,236,113,340
tus,1,6,97,3,1,2
usi,3,8,13,5,4,15
siã,0,0,24,14,0,24
iã,0,0,183,62,0,28
asi,6,0,18,2,24,84
sir,3,1,17,7,1,8
iri,7,0,22,3,11,113
ris,30,7,16,25,146,80
isã,0,0,200,7,0,130
ask,31,0,0,0,0,3
sku,0,0,0,0,0,6
kus,0,0,0,0,0,31
ush,14,4,0,8,0,155
asn,0,3,21,3,0,34
snj,0,0,0,0,0,34
nje,0,0,6,0,0,113
jer,0,0,145,0,0,144
njã,0,0,0,0,0,412
asp,0,0,4,2,15,3
spa,60,6,90,6,28,4
pak,57,0,0,0,0,24
ak,31,63,1,1,1,57
ass,146,146,4,124,105,1
ssh,1,0,0,0,0,1
shu,11,2,3,7,0,78
ast,167,79,111,1,59,228
sti,25,46,75,31,276,9
ata,4,2,49,3,68,139
tad,2,26,72,2,3,2
adi,2,0,14,10,18,23
dit,4,1,11,466,27,158
tij,0,0,1,0,0,437
atj,0,0,0,0,0,16
tje,0,0,0,0,0,68
je,0,9,27,373,0,154
to,1381,0,542,0,1498,79
aty,0,0,0,0,0,83
ty,80,0,0,0,0,73
y,1859,0,3249,171,0,157
tyr,0,0,0,0,0,228
yre,0,4,0,0,0,199
rev,9,0,16,13,1,4
atã,0,0,11,0,0,469
aut,1,19,2,53,2,32
uto,0,0,13,3,40,1
tor,13,13,29,6,169,127
ite,88,115,9,201,36,66
eti,3,1,10,40,5,103
avi,5,0,11,7,20,4
vit,11,6,3,166,65,38
ith,368,5,7,6,0,138
b,223,377,196,206,11,19
baa,4,4,4,4,4,4
aal,4,4,7,4,7,4
al,21,37,296,34,360,16
bab,3,2,2,2,2,30
aba,55,54,190,64,5,90
bai,3,0,2,14,3,23
ait,16,0,0,488,0,39
bag,0,0,0,0,2,45
agã,0,0,4,0,1,49
gã,0,14,40,65,5,104
baj,0,3,28,0,0,35
jam,20,25,23,23,0,65
mej,0,0,16,0,0,23
eje,0,0,12,0,0,56
bak,12,1,1,2,1,2
aku,0,0,0,0,0,97
uth,29,1,2,2,0,13
bal,10,9,27,4,10,24
all,678,266,126,134,460,76
llo,19,0,226,7,342,55
lor,55,0,46,46,419,15
llã,0,0,69,26,3,89
als,57,188,5,0,7,6
lsa,0,3,6,0,7,6
mim,1,0,1,1,1,5
mos,158,140,183,0,153,75
osn,0,0,0,0,0,5
sni,0,0,0,0,0,19
osã,0,0,176,7,254,11
ndã,0,0,35,15,45,147
nes,103,149,69,53,31,28
esa,76,144,103,5,91,91
sa,1,4,150,246,236,102
sat,10,5,3,0,26,17
nke,2,72,0,0,0,4
ket,15,5,0,2,0,31
noi,1,0,0,0,87,11
noj,0,0,14,0,0,19
oj,0,0,0,0,0,77
ojm,0,0,0,0,0,20
ojn,0,0,0,0,0,40
jnã,0,0,0,0,0,59
ojã,0,0,6,0,0,111
nor,15,0,21,4,340,3
orã,0,5,28,18,60,168
nos,2,1,295,30,77,22
osh,16,1,0,13,0,82
anu,0,0,0,0,1,3
nua,0,0,1,1,3,6
uar,7,0,39,5,33,225
bar,47,61,10,2,2,53
dha,0,3,0,0,0,69
ha,2,10,121,34,131,435
dhã,0,0,0,0,0,168
hã,0,198,39,146,236,712
res,61,42,370,239,287,45
esh,17,1,4,1,0,152
shã,0,1,0,18,0,313
inj,0,0,1,0,0,28
nj,0,0,0,0,0,10
njt,0,0,0,0,0,16
njv,0,0,0,0,0,9
ish,46,5,76,14,0,405
hte,101,382,0,0,0,251
riu,2,0,0,0,12,34
iu,0,0,0,0,1,165
rk,10,9,0,0,0,4
rku,0,0,0,0,0,42
rrã,0,0,5,16,23,76
rtn,0,0,0,0,0,1
tni,0,1,0,0,0,3
bas,12,6,15,9,40,103
sem,18,14,21,55,17,9
ema,25,26,23,22,15,15
thã,0,0,2,8,0,187
shk,0,0,0,0,0,245
hko,0,6,0,0,0,132
kof,0,0,0,0,0,7
oft,0,0,0,0,0,51
ftã,0,0,0,0,0,47
koh,4,0,0,0,0,35
hem,309,40,29,49,16,41
em,302,608,3,20,17,69
koi,0,0,0,0,0,48
hku,0,0,0,0,0,30
kua,0,0,0,0,0,49
hkã,0,0,0,0,0,32
kã,0,65,0,4,0,746
stu,10,5,11,2,3,25
tun,1,42,0,9,12,25
unã,0,0,0,0,10,251
baz,0,0,0,0,1,3
aze,0,0,0,0,0,1
zem,0,0,0,0,0,41
azã,0,0,36,0,0,6
zã,0,12,12,5,5,117
bed,10,13,8,2,11,2
eda,5,19,38,6,20,5
dad,4,3,139,3,4,2
bee,26,13,6,0,1,8
eer,11,67,9,0,1,8
bek,29,32,0,0,0,102
eke,5,1,0,0,0,2
ker,7,33,0,2,0,2
eki,1,0,0,0,0,15
kim,0,0,0,0,0,22
met,16,6,19,45,34,27
mev,0,0,0,0,2,4
eko,0,19,0,0,0,39
koj,0,0,0,0,0,77
omã,0,0,62,0,0,10
kon,0,16,0,0,0,80
kov,0,0,0,0,0,3
ela,15,21,121,95,22,38
la,4,13,1011,791,1038,68
lah,17,0,0,0,0,18
ben,36,408,90,35,142,45
eni,14,11,54,24,95,122
iam,2,0,3,0,245,18
beo,7,7,2,0,7,7
eor,1,1,1,0,1,1
ber,24,498,55,16,67,3
ria,16,3,36,14,45,39
iah,3,0,0,0,0,2
bes,11,73,30,4,76,22
esn,0,0,3,0,0,6
nik,0,0,0,0,0,4
ik,0,0,0,0,0,3
ikã,0,0,0,0,0,47
eso,3,22,30,0,25,10
soi,0,0,7,47,0,15
soj,15,0,0,0,0,14
som,13,1,12,21,4,1
son,262,54,71,611,200,11
esu,0,3,5,0,2,2
sua,0,5,1,0,79,15
bet,45,44,20,9,21,70
eth,206,52,47,23,0,65
the,4160,6,11,11,0,74
hel,58,46,4,54,43,18
lit,24,7,5,25,100,194
thu,38,9,7,9,0,43
hue,7,9,14,15,0,9
uel,18,25,132,65,139,18
tim,42,21,23,0,30,197
etl,1,6,0,1,2,2
tle,67,10,0,1,2,2
lem,4,13,4,29,3,9
emi,6,1,14,85,25,57
eto,4,0,3,32,7,36
toh,0,6,0,0,0,15
hes,100,22,0,37,1,32
shi,16,0,4,8,0,212
tom,1,0,121,7,6,3
omu,0,0,0,0,9,2
mu,0,0,0,0,0,2
tov,1,0,0,0,1,4
etu,27,4,9,4,15,31
tua,2,0,5,2,73,151
ibl,79,77,76,79,74,69
le,281,252,323,1502,736,105
bij,0,0,0,0,0,299
ija,0,1,92,0,0,90
jat,0,2,0,0,0,76
jav,0,0,0,0,0,9
ijt,0,0,0,0,0,161
ijv,0,0,0,0,0,49
bil,10,10,10,11,32,11
ilb,0,11,0,0,0,1
bah,3,1,1,0,0,4
ilh,10,10,10,10,0,9
lha,10,10,11,10,0,9
hah,13,3,2,2,0,13
ahã,0,0,1,0,0,9
han,212,114,32,50,14,74
imã,0,0,2,20,22,13
bin,5,67,3,5,30,42
ind,62,409,1,4,35,157
de,98,331,2219,1290,125,56
dem,2,312,21,39,1,6
den,29,777,27,11,74,12
det,2,80,9,0,91,38
ndj,0,0,0,0,0,37
dju,0,0,0,0,0,3
ju,0,0,0,0,0,129
ndu,0,2,20,53,33,52
dur,0,39,40,26,36,46
nja,18,17,18,18,0,13
jak,0,173,0,3,0,230
akã,0,0,0,0,0,9
bir,10,2,20,0,1,122
ir,178,456,110,132,14,43
irn,0,9,0,0,0,6
rni,47,14,3,3,42,31
ia,3,1,109,12,419,261
inã,0,1,26,9,15,122
nis,13,22,76,16,41,41
bis,0,84,5,2,4,2
sha,400,6,0,10,0,60
hat,722,286,7,7,0,29
hti,2,16,0,0,0,12
tum,0,5,6,4,1,1
um,0,232,0,0,0,1
bje,0,0,0,8,0,10
erã,0,11,197,1,168,517
ejm,0,0,0,0,0,6
len,20,200,25,8,19,6
enã,0,7,50,15,1,87
ler,16,20,10,76,10,19
ert,14,119,110,59,50,1
leu,1,30,9,301,1,7
lev,16,14,87,69,37,23
eva,6,0,75,156,238,2
bli,7,16,1,24,2,12
lin,19,39,35,12,7,215
boj,0,0,0,0,0,2
bol,0,0,5,0,9,8
oll,17,256,9,3,26,32
ora,13,10,166,7,338,23
bos,5,1,5,0,1,4
bot,22,25,2,3,4,3
ots,12,2,0,6,0,1
tsr,0,0,0,5,0,5
sra,146,142,160,134,139,3
rak,6,4,0,6,0,44
akt,0,0,0,0,0,28
kti,0,0,0,0,0,3
tis,3,7,2,5,5,16
is,995,78,236,387,1,45
bre,150,14,396,61,26,111
reg,13,17,47,22,74,49
eg,1,20,1,1,1,3
g,469,391,1,21,1,31
egu,1,6,36,0,32,19
gun,1,1,52,1,1,7
ren,225,279,43,593,114,28
nda,8,4,70,46,127,77
nds,26,23,0,34,0,3
dsh,0,0,0,0,0,2
shr,0,0,0,0,0,10
hri,8,11,2,1,0,9
ret,149,27,8,64,126,118
etk,0,0,0,0,0,11
tko,0,0,0,0,0,11
kos,0,1,0,0,0,19
osa,0,0,50,4,45,13
sav,16,0,0,22,10,1
rez,3,3,9,85,17,14
ez,3,3,44,266,3,3
z,17,77,109,280,20,41
eza,0,1,38,0,0,7
zav,0,0,0,0,2,6
ezi,1,7,1,1,7,1
zi,0,0,0,0,16,18
ezn,0,0,0,0,0,2
zni,0,0,0,0,0,3
bri,68,54,32,10,4,20
rig,27,25,18,3,20,2
igj,0,0,0,0,0,61
rir,0,1,40,28,65,6
irã,0,0,121,9,56,82
itm,0,0,0,0,0,5
tma,0,12,0,0,0,3
tmã,0,0,0,0,0,2
bru,0,106,0,0,10,6
rum,0,86,0,2,4,10
umi,0,1,4,3,6,29
brã,0,98,26,7,1,11
bua,0,0,0,0,0,2
bub,0,0,0,0,0,5
ubu,0,0,0,0,0,5
bul,7,5,5,5,5,29
lli,5,5,6,20,152,183
lim,5,3,20,4,9,39
ima,2,3,15,12,68,6
buk,2,1,0,0,0,54
uka,0,0,0,0,0,1
ka,0,29,0,1,1,161
uke,2,4,0,0,0,129
ke,174,55,0,0,0,166
uku,0,0,0,0,0,13
kur,0,0,0,0,0,192
ura,2,2,72,52,78,34
ukã,0,0,0,0,0,42
bur,42,21,2,3,1,52
urg,3,0,0,1,0,21
rg,0,2,0,0,0,19
rgo,1,1,6,0,4,43
gos,12,12,33,12,16,21
rgu,0,0,3,0,0,31
gu,0,1,0,0,0,5
gut,2,18,0,0,0,3
urr,2,10,1,23,16,45
rra,3,3,292,35,74,32
buz,0,1,0,1,1,5
uzi,0,2,0,2,9,2
uzã,0,0,0,0,0,4
byz,0,0,0,0,0,3
yzy,0,0,0,0,0,3
zyl,0,0,0,0,0,3
yly,0,0,0,0,0,3
lyk,0,0,0,0,0,3
ykã,0,0,0,0,0,11
bã,0,41,269,173,0,423
ca,0,0,79,36,90,11
cak,1,0,0,0,0,15
kto,0,0,0,0,0,10
toi,1,0,0,119,3,36
toj,0,0,0,0,0,33
oji,0,0,0,0,0,2
ji,0,0,0,0,0,25
ton,21,1,160,154,37,75
ktu,0,0,0,0,0,8
cef,0,0,0,0,0,2
efo,163,5,0,1,5,7
fo,0,0,0,0,3,2
fon,0,0,0,21,14,3
cha,51,131,84,264,46,42
hap,2,47,47,46,46,63
apt,12,47,47,46,46,44
pte,2,287,47,217,46,46
ter,318,757,91,552,255,62
cib,0,0,24,0,8,7
ibe,8,80,9,0,16,6
eon,28,19,0,1,23,19
cil,1,0,4,1,8,64
ila,1,1,14,1,13,6
lat,4,7,11,5,34,6
lav,1,0,7,6,28,22
ili,19,17,24,34,34,57
lid,0,0,15,1,2,24
ido,4,1,160,1,15,3
do,43,0,818,0,275,612
cja,0,0,0,0,0,1
jap,0,0,0,0,0,46
ap,9,0,0,0,0,29
p,214,1,0,38,0,41
cje,0,0,0,0,0,4
jep,0,0,0,0,0,30
ep,36,0,0,3,0,8
ept,34,1,5,53,0,7
ptã,0,0,1,0,0,2
cof,1,0,0,2,1,1
ofn,0,0,0,0,0,1
fna,0,0,0,0,1,1
cop,0,0,21,0,37,6
opã,0,0,0,3,0,19
dal,0,0,1,3,189,38
ali,18,5,72,13,135,38
los,2,3,870,0,5,9
llu,2,2,4,3,4,20
lua,0,0,0,0,0,35
alã,0,0,19,2,6,61
dan,26,32,31,402,50,25
das,1,417,89,2,2,25
mir,3,195,36,5,5,53
shj,0,0,0,0,0,2
hje,0,0,0,0,0,54
deb,1,1,11,2,5,1
ebo,1,55,1,2,4,1
ded,39,2,8,4,3,2
deg,2,0,3,0,53,5
egã,0,1,29,0,5,10
del,15,7,289,3,503,17
let,142,4,5,4,16,15
mav,0,0,0,0,13,1
enj,18,17,20,18,0,29
dep,14,0,2,15,6,3
epo,2,0,7,3,21,3
pot,17,17,14,12,72,10
ot,274,48,0,2,7,42
poz,0,0,21,0,24,3
ozi,0,0,0,0,0,3
zit,3,1,2,0,3,33
der,95,1353,88,26,137,69
era,46,60,166,337,325,43
erd,26,176,37,3,16,35
dhe,0,0,0,0,0,1925
he,3083,247,202,61,590,1891
dhi,0,0,0,0,0,72
dhn,0,0,0,0,0,4
hni,0,8,0,0,0,14
des,30,280,189,394,44,36
htã,0,1,0,0,0,312
ete,6,201,85,13,189,60
ety,3,0,0,0,0,10
yro,0,0,0,0,0,2
yru,0,0,0,0,0,5
yrã,0,0,0,0,0,41
dev,4,0,9,156,35,26
vej,0,0,67,0,0,6
ves,55,0,26,8,23,23
vet,4,0,5,3,36,124
etã,0,2,4,30,21,295
vev,0,0,0,0,168,5
has,65,84,107,9,0,31
elt,20,39,14,1,8,2
lte,3,144,6,3,18,5
mbj,0,0,0,0,0,3
mbs,2,0,0,0,0,3
bsh,0,0,0,0,0,2
ens,9,68,22,123,22,1
nsh,0,0,0,0,0,3
ent,283,44,566,1037,416,8
env,3,0,66,82,0,3
nve,0,0,3,27,14,3
heu,0,28,0,5,0,9
eun,0,18,6,49,2,4
him,372,24,1,13,0,27
imb,2,1,0,0,5,12
bs,3,28,0,0,0,1
hiv,5,0,0,0,0,6
ive,226,0,14,32,82,23
dhj,0,0,0,0,0,55
dho,0,0,0,0,0,6
hom,39,0,69,121,0,6
une,4,0,0,171,2,2
ne,238,481,29,566,695,74
uno,0,0,68,0,57,4
unt,690,81,58,0,33,1
nti,36,0,40,17,188,1
roj,0,0,3,0,0,35
die,59,888,86,184,85,6
iel,59,68,29,11,32,27
ell,91,22,312,278,625,68
ll,932,214,0,0,108,28
dig,11,26,13,1,11,3
jej,0,0,0,0,0,9
gjn,0,0,0,0,0,1
jni,0,0,0,0,0,1
dih,0,0,0,0,0,6
ihe,0,0,0,0,0,10
dij,0,0,369,0,0,1
dil,1,0,13,0,7,8
il,79,21,6,856,1110,1
iln,0,0,0,0,0,7
lni,0,0,0,0,0,15
dim,7,2,11,1,26,12
din,85,11,37,10,65,165
nak,2,0,0,12,0,1
inh,11,4,0,1,0,1
nha,7,3,0,1,0,1
hab,11,183,311,49,0,3
nji,0,0,0,0,0,4
jit,0,0,0,3,0,170
dis,25,7,18,139,407,101
isa,77,84,87,220,97,102
sho,57,0,2,15,0,41
hon,19,13,6,24,0,28
isp,1,0,1,3,126,2
spo,25,0,116,5,128,2
zic,1,0,0,1,1,2
ici,11,0,166,177,76,2
cio,4,0,131,0,34,4
ion,101,0,29,141,127,5
ist,40,259,69,16,118,34
sta,42,124,272,16,219,183
tan,33,65,46,32,89,79
ita,13,0,61,39,165,16
diã,0,0,176,0,0,3
dja,0,0,0,0,0,28
jal,3,0,2,2,0,75
tht,0,0,0,0,0,8
hta,5,0,5,2,0,77
tas,11,6,64,1,8,65
dje,0,0,0,0,0,34
dob,0,0,5,0,3,10
obi,0,0,0,0,1,197
bi,0,0,0,0,6,227
obã,0,0,1,2,1,13
doj,0,0,0,0,0,8
oja,0,0,11,0,0,10
dol,1,2,21,1,18,32
ola,2,2,32,5,43,2
oli,9,7,8,8,40,60
olã,0,0,6,18,2,15
dom,16,14,22,15,53,19
ome,133,6,72,6,155,6
don,29,6,35,156,49,31
onj,0,0,4,0,0,14
dor,0,2,40,1,8,114
dot,5,2,17,3,29,5
oth,185,13,13,13,0,14
tha,569,24,8,11,0,410
dre,218,33,220,38,214,44
red,179,87,26,6,27,3
edh,0,0,0,0,0,110
jt,0,0,0,0,0,56
jti,0,0,0,0,0,46
jto,0,0,0,0,0,19
jtu,0,0,0,0,0,37
rek,1,1,0,0,1,26
eka,30,4,0,0,1,24
ekã,0,3,0,0,0,35
enu,1,12,10,60,34,1
nus,0,0,0,13,0,4
dri,34,8,19,1,19,8
rid,7,0,25,0,21,11
idh,0,0,0,0,0,46
arj,0,0,0,0,0,3
rja,0,4,0,0,0,8
dru,0,0,1,0,0,15
uaj,0,0,1,0,0,217
rur,0,0,0,4,0,30
urã,0,1,17,12,4,34
rut,3,0,4,38,11,1
utã,0,0,2,12,1,10
ruv,0,0,0,0,0,1
uve,0,0,1,84,0,4
dua,0,0,0,0,0,37
ajt,0,0,0,0,0,98
ajv,0,0,0,0,0,2
uam,0,0,0,0,0,4
rbo,0,0,5,0,2,1
rt,62,153,0,61,0,33
arv,3,0,0,3,17,2
uas,0,0,30,0,0,17
duh,0,0,0,0,0,31
uhe,0,4,0,0,0,42
duk,0,0,0,0,0,129
kem,0,1,0,0,0,38
dum,2,1,10,1,3,1
uma,1,2,5,2,5,2
mah,14,6,3,2,0,16
dy,7,0,0,0,0,37
dye,0,0,0,0,0,1
yer,1,0,17,1,0,22
erv,157,7,162,194,141,3
dyf,0,0,0,0,0,2
yfi,0,0,0,0,0,2
fis,2,2,0,1,7,12
dym,0,0,0,0,0,5
ymb,0,0,0,0,0,5
mbã,0,1,0,2,0,48
dyq,0,0,0,0,0,2
yqi,0,0,0,0,0,2
qin,0,0,0,0,0,31
dys,0,0,0,0,0,1
ysh,0,0,0,0,0,13
dyt,0,0,0,0,0,9
yti,0,0,0,0,0,2
ytã,0,0,0,0,0,48
dyv,0,0,0,0,0,1
yve,0,0,0,0,0,9
dyz,0,0,0,0,0,5
yze,0,0,0,0,0,5
zet,0,0,0,0,0,13
etv,0,0,0,0,0,1
tvj,0,0,0,0,0,1
vje,0,0,0,0,0,47
jeã,0,0,3,0,0,7
eã,0,0,143,18,1,37
eba,11,56,26,4,5,13
eci,1,0,135,15,22,23
cim,0,0,7,0,5,2
ecn,0,0,0,0,0,1
cni,0,0,0,0,0,1
ect,2,0,5,1,0,1
cte,2,0,0,6,0,1
ecu,2,0,1,8,0,2
cur,6,0,11,1,18,2
ecã,0,0,23,0,2,1
ede,11,184,31,4,152,2
edo,15,14,33,0,21,13
om,222,51,16,82,14,4
omi,13,5,22,6,82,14
efa,5,21,0,0,1,1
fah,0,26,0,0,0,1
efe,1,16,3,0,4,2
fer,9,57,5,54,41,8
efr,2,5,0,0,26,28
fra,9,22,0,32,170,16
rai,60,11,12,246,105,12
aim,23,14,13,18,14,15
egj,0,0,0,0,0,291
jip,0,0,0,0,0,229
ipt,0,0,184,0,0,229
pt,211,15,0,49,0,41
pta,9,0,0,0,0,59
se,315,301,395,433,1044,351
sin,40,140,50,12,40,45
sit,13,15,12,18,16,86
asj,0,0,0,0,0,1
sja,0,0,0,0,0,6
asv,79,0,0,0,0,14
sve,0,0,0,0,6,25
pti,71,5,10,75,0,134
egr,2,39,31,1,1,1
gra,32,40,100,50,104,26
ehi,7,2,1,0,0,5
jan,0,0,14,0,0,76
ekz,0,0,0,0,0,1
kzi,0,0,0,0,0,1
zis,0,0,0,0,0,10
sto,58,31,167,0,264,1
elb,0,64,0,0,0,4
lbi,0,0,0,0,0,2
eld,75,76,1,1,1,1
lda,1,5,7,2,4,2
daa,1,1,1,1,1,1
aah,1,0,0,0,0,1
eaz,2,0,2,0,2,2
aza,2,0,19,2,2,2
zar,3,2,20,2,21,2
lif,40,0,0,0,8,7
ifa,0,0,0,0,9,11
faz,0,0,2,0,7,7
azi,0,0,0,0,75,11
zin,0,1,0,0,0,8
lis,13,13,13,17,18,17
heb,31,31,24,1,2,33
ebã,0,5,3,0,0,1
elk,1,1,0,1,1,1
lka,1,6,0,1,1,8
elo,8,5,37,43,57,5
loh,2,24,1,1,0,6
lts,2,1,0,1,0,1
tsa,0,0,0,3,0,1
fan,0,28,1,103,24,1
emr,0,0,0,0,0,70
mri,0,3,0,0,0,37
emã,0,2,17,1,0,24
nai,4,4,1,47,4,3
eng,11,22,36,6,6,38
ngj,0,0,0,0,0,96
epã,0,0,4,0,14,11
err,5,391,300,151,114,71
sau,76,77,0,13,10,85
au,77,55,1,241,1,69
ese,116,209,68,0,426,20
sek,1,1,1,1,0,1
hba,2,2,1,2,0,2
htr,0,0,0,0,0,63
ets,6,1,0,46,0,15
tsb,0,0,0,1,0,1
sbo,0,0,0,1,1,1
bon,19,1,0,40,12,1
tse,1,1,0,11,0,7
ser,165,167,170,395,314,6
exo,18,1,1,1,1,1
xod,18,1,1,1,1,1
odu,18,1,4,6,9,1
dus,23,1,1,4,15,1
faj,0,0,0,0,0,8
aji,0,0,1,0,0,18
or,442,180,483,49,25,226
fak,0,0,0,0,0,6
kt,0,22,0,0,0,4
fal,11,14,7,1,1,8
alm,16,3,25,1,6,1
lma,0,0,22,0,1,3
man,192,225,410,134,303,33
alu,0,0,5,3,1,16
lu,2,2,1,5,2,6
lur,0,0,0,0,0,23
fam,35,0,19,37,35,23
mil,19,9,29,49,9,27
ilj,0,0,0,0,0,23
lja,0,0,1,0,0,3
lje,0,0,0,0,0,24
jes,0,1,6,1,0,62
es,455,819,945,2324,3,85
jev,0,0,0,0,0,10
faq,0,0,0,0,0,18
aqe,0,0,0,0,0,9
qen,0,0,0,0,0,91
aqj,0,0,0,0,0,2
qja,0,0,0,0,0,3
aqu,0,0,228,21,0,5
qur,0,0,0,0,0,9
far,8,1,204,4,280,232
rao,200,182,0,201,200,201
aon,0,0,0,201,200,201
ref,77,0,1,11,2,8
efi,4,5,2,0,1,168
isi,11,1,22,42,16,138
si,0,1,84,169,485,219
atk,0,0,0,0,0,5
tke,0,0,0,0,0,5
keq,0,0,0,0,0,30
eqã,0,0,0,0,0,14
qã,0,0,0,0,0,726
fav,25,0,0,6,9,2
avo,32,18,0,49,37,2
vor,32,190,7,11,42,2
ors,25,15,0,63,47,1
rsh,9,0,0,4,0,17
fem,0,0,0,99,5,4
tes,31,65,67,216,71,8
htj,0,0,0,0,0,5
tja,0,0,0,0,0,5
fes,0,8,1,3,9,5
est,123,144,701,316,523,11
stã,0,48,71,19,14,17
fij,0,0,1,0,0,4
fil,21,0,9,437,12,20
ste,102,280,143,53,162,27
tej,0,0,1,0,0,54
ill,289,171,55,248,8,40
lo,10,0,525,1,598,2
loi,5,0,0,13,0,17
loj,0,0,0,0,0,26
lov,17,0,3,0,0,2
fin,13,19,8,50,67,14
ine,109,1138,28,71,72,1
nea,28,1,4,15,3,5
eas,67,9,10,0,0,15
ise,40,51,12,27,38,7
set,33,54,5,0,64,7
fit,4,0,0,57,0,56
imt,0,0,0,0,0,8
mta,0,0,0,0,0,8
ito,1,0,69,0,212,17
fja,0,0,0,0,0,37
ala,4,1,71,18,19,11
fla,5,5,3,4,2,9
lak,0,0,0,2,0,8
las,6,63,333,3,78,10
sim,13,17,54,14,27,52
asã,0,0,114,1,0,18
fle,32,27,0,35,0,3
fli,17,6,10,7,6,27
lij,0,0,0,0,0,3
iji,0,0,9,0,0,2
jim,0,1,12,1,0,2
ijo,0,0,649,0,0,3
jon,0,1,0,1,0,11
isn,0,0,0,0,0,10
nim,0,27,14,5,6,8
flo,65,13,1,0,0,3
fol,13,9,0,1,1,48
olu,0,0,7,1,11,10
for,597,18,28,26,94,37
raz,0,0,43,0,35,9
azh,0,0,0,0,0,10
zh,0,0,0,0,0,2
orc,2,9,7,8,0,6
rca,0,0,17,0,5,3
rcã,0,0,3,1,3,3
orm,4,0,20,4,31,12
rmo,3,2,16,0,13,2
moi,0,0,192,210,0,126
mon,69,14,41,304,34,8
rmu,10,0,10,1,0,6
mua,0,0,0,0,0,69
ort,72,123,15,197,113,36
fqi,0,0,0,0,0,4
jin,0,0,0,0,0,11
fre,1,49,4,74,16,1
esk,1,2,0,0,0,1
skã,0,0,0,0,0,1
fri,3,7,0,4,4,20
rik,1,0,0,0,0,28
ika,0,1,0,0,0,13
fry,0,0,0,0,0,12
rym,0,0,0,0,0,3
yma,0,0,0,0,0,1
ymã,0,0,0,0,0,2
ryt,0,0,0,0,0,8
ytd,0,0,0,0,0,6
tdh,0,0,0,0,0,6
yts,0,0,0,0,0,2
tsh,0,1,0,0,0,13
ryu,0,0,0,0,0,1
yu,0,0,0,0,0,1
atr,1,1,12,17,17,2
heh,0,7,0,0,0,38
eht,0,36,0,0,0,8
ehu,0,5,1,9,0,20
hir,28,16,23,19,5,53
fto,0,0,0,0,0,13
oht,0,1,0,0,0,1
fun,0,19,2,0,2,11
und,110,2539,13,0,2,113
fuq,0,0,0,0,0,19
uqi,0,0,0,0,0,19
qis,0,0,0,0,0,18
hmi,0,0,0,0,0,6
fur,4,7,4,33,28,10
urn,88,0,0,64,2,6
niz,0,0,19,0,5,6
izi,0,0,0,0,113,13
zim,1,0,2,1,9,6
izo,0,0,73,0,0,3
zoh,4,4,1,0,0,5
zoi,0,0,0,0,0,6
izu,0,0,0,0,0,2
zua,0,0,0,0,0,9
rre,5,23,21,107,41,56
fus,10,0,1,12,4,37
hav,138,0,1,1,0,2
hua,6,0,2,3,0,59
ust,24,12,22,14,24,3
fut,0,4,0,45,2,12
ute,9,79,0,114,8,21
uti,2,6,3,6,22,7
utu,0,5,0,2,2,5
fye,0,0,0,0,0,1
yen,0,0,3,0,0,17
fyt,0,0,0,0,0,18
yty,0,0,0,0,0,18
yra,0,0,0,0,0,1
gab,0,42,6,0,0,2
gad,5,5,20,5,5,6
ad,247,16,141,16,103,1
gah,0,1,0,2,0,1
gal,2,1,10,6,4,6
laa,0,0,6,4,4,4
aad,0,0,6,4,5,4
led,174,1,1,0,7,9
ed,1073,7,26,8,67,2
nt,265,32,0,1457,10,1
gat,60,0,3,1,15,18
tam,8,14,98,12,24,17
ger,37,241,20,73,55,10
rar,8,8,75,8,68,14
ers,153,289,28,189,86,15
gil,4,6,0,1,4,2
ilc,4,4,3,5,5,2
lcã,0,0,3,4,0,2
mis,5,10,98,31,34,16
gis,0,0,2,1,0,1
gja,0,0,0,0,0,103
jah,2,53,2,5,0,12
aht,0,1,0,3,0,2
kat,0,0,0,0,0,45
jar,0,0,38,1,0,18
arp,1,0,3,1,3,6
rpã,0,0,0,4,0,8
jas,0,0,103,0,0,32
jel,0,0,0,0,0,30
rda,4,3,48,16,19,4
eta,7,45,4,16,12,19
jir,0,0,0,0,0,5
thn,0,0,0,0,0,5
hnj,0,0,0,0,0,4
ths,7,5,0,0,0,8
hse,0,20,0,0,0,8
sej,0,0,1,0,0,11
gjo,0,0,0,0,0,35
joh,0,0,0,0,0,13
joi,2,0,0,2,0,18
joj,0,0,0,0,0,11
jom,0,0,2,0,0,5
ona,6,19,11,6,20,40
jov,0,0,2,0,0,6
gju,0,0,0,0,0,33
jua,0,0,0,0,0,42
uat,0,0,5,14,11,2
juh,0,0,0,0,0,1
uhã,0,3,0,0,0,1
jum,0,0,0,2,0,4
umã,0,0,2,2,0,55
jun,0,7,39,0,0,8
unj,0,0,0,0,0,5
gjy,0,0,0,0,0,8
jyk,0,0,0,0,0,4
yka,0,0,0,0,0,5
yko,0,0,0,0,0,2
jys,0,0,0,0,0,1
ysm,0,0,0,0,0,1
smã,0,0,0,0,0,1
god,181,0,0,0,0,17
oda,0,0,131,0,2,6
ten,58,715,136,135,106,24
itn,6,1,1,1,1,2
goj,0,0,1,0,0,25
gom,0,6,6,0,0,22
mar,14,11,122,42,85,72
ric,11,49,16,11,86,3
ica,0,0,35,10,63,4
icã,0,0,8,0,10,6
rab,0,37,23,4,3,2
itq,0,0,0,0,0,1
tqa,0,0,0,0,0,1
qar,0,0,0,0,0,5
tho,267,2,2,2,0,54
hor,33,26,102,33,0,15
gri,16,5,13,1,16,57
ndn,7,0,0,0,0,1
dni,2,0,0,0,0,1
gru,0,24,4,0,1,108
aje,0,0,27,1,0,3
umb,11,0,17,0,0,10
mbu,0,0,0,0,0,36
buj,0,0,0,0,0,1
uj,0,0,0,0,0,5
rup,1,0,0,2,1,7
up,149,0,0,6,0,2
upe,0,0,1,63,2,1
pe,2,0,5,20,166,10
upi,0,0,1,1,0,5
pi,0,0,0,2,33,46
rus,3,0,0,2,0,5
gry,2,0,0,0,0,12
ryk,0,0,0,0,0,11
gur,0,0,4,0,1,43
gux,0,0,0,0,0,1
uxo,0,0,0,0,0,1
xon,0,0,0,0,0,1
had,120,9,14,7,0,7
dar,7,135,84,75,89,3
ahe,0,71,0,0,0,3
ahi,3,8,2,2,0,7
iro,2,2,2,29,61,16
rot,82,42,5,3,9,3
haj,0,0,2,0,0,8
ajã,0,0,5,0,0,22
hak,1,0,0,1,0,2
hal,385,63,55,11,0,3
lle,105,346,107,558,154,93
amu,1,1,1,2,2,2
mul,18,1,19,18,2,1
uli,0,0,0,0,2,8
,0,0,0,0,0,15
nok,0,0,0,0,0,3
oku,0,0,0,0,0,6
api,0,0,8,3,27,20
pin,4,2,7,2,6,54
apu,0,0,0,0,5,6
pur,12,0,0,3,27,14
apã,0,0,1,0,1,23
har,272,212,81,240,0,21
rkã,0,7,0,0,0,3
rro,15,0,36,11,15,69
vil,17,1,11,31,4,3
hax,0,0,0,0,0,1
axh,0,0,0,0,0,1
xhi,0,0,0,0,0,4
haz,7,0,14,8,0,1
azo,0,0,6,1,1,1
ebe,31,231,57,30,33,35
ebr,22,44,32,0,35,24
bro,146,40,6,5,7,10
hed,39,0,2,2,0,3
mam,6,6,5,8,8,16
emd,1,20,1,1,1,1
mda,1,1,0,1,1,1
heq,0,0,0,0,0,10
eq,0,0,0,0,0,18
equ,4,0,10,5,0,4
ere,499,150,181,62,251,9
sro,0,0,0,3,0,3
hid,8,2,3,0,0,9
dht,0,0,0,0,0,4
hij,0,0,436,0,0,11
ijs,0,0,0,0,0,12
jsh,0,0,0,0,0,19
hip,9,0,0,1,0,7
ipe,1,0,6,0,7,1
ipi,0,0,3,3,8,3
ipn,0,0,0,0,0,1
pni,0,2,0,0,0,12
ipã,0,0,0,1,0,5
hiq,0,0,0,0,0,10
iq,0,0,0,0,0,23
iqe,0,0,0,0,0,3
qet,0,0,0,0,0,15
iqn,0,0,0,0,0,7
qni,0,0,0,0,0,7
ira,3,3,27,82,48,12
his,726,1,2,1,2,2
iso,19,5,12,121,20,1
sop,2,13,4,2,15,2
opi,0,0,2,0,0,2
teu,0,20,0,121,0,8
veu,0,0,0,16,0,2
hod,1,0,0,0,0,12
odh,0,0,0,0,0,103
dh,0,0,0,0,0,34
hol,152,23,11,9,0,11
hoq,0,0,0,0,0,20
oqi,0,0,0,0,0,17
qi,0,0,0,0,0,18
reb,37,34,36,33,47,34
eb,2,24,2,1,2,1
reu,22,31,7,60,7,49
hum,2,1,8,2,0,49
umn,0,0,6,0,0,1
mne,0,0,1,0,0,2
ner,34,165,56,76,55,1
hup,1,1,1,1,0,1
pim,2,2,2,2,2,7
hus,35,7,4,6,0,3
hyf,0,0,0,0,0,1
yft,0,0,0,0,0,1
hyj,0,0,0,0,0,4
yj,0,0,0,0,0,2
yjn,0,0,0,0,0,1
yjã,0,0,0,0,0,1
hyn,0,0,0,0,0,11
yni,0,0,0,0,0,10
ynt,0,0,0,0,0,1
ynã,0,0,0,0,0,13
hyr,0,0,0,0,0,14
yr,0,0,0,0,0,1
yri,6,3,0,2,0,13
hys,9,0,0,1,0,2
huj,0,0,0,0,0,3
ujt,0,0,0,0,0,29
ike,13,0,0,0,0,19
iki,0,0,0,0,0,7
ki,0,0,0,0,0,6
kin,68,220,0,2,0,8
ikj,0,0,0,0,0,1
kje,0,0,0,0,0,9
ikn,0,0,0,0,0,4
kni,0,1,0,0,0,4
ikt,0,0,0,0,0,11
kte,0,52,0,0,0,4
iku,0,0,0,0,0,21
imj,0,0,0,0,0,1
mja,0,0,0,0,0,12
imp,1,0,5,2,24,2
mpo,0,3,68,7,42,2
pon,161,0,145,23,15,2
onu,0,0,0,0,0,3
os,0,36,2727,106,2,96
erp,21,0,5,25,16,14
rpr,15,0,1,15,10,13
pre,65,22,88,116,326,84
sak,4,0,0,0,0,93
kar,0,0,0,0,0,17
ism,1,14,53,13,14,13
sma,6,25,20,19,15,13
mae,13,13,14,0,14,13
ael,160,156,174,0,152,135
isr,146,139,159,132,138,1
rae,146,142,171,0,138,121
thr,156,5,13,5,0,4
hra,17,21,16,17,0,2
its,10,1,0,40,0,9
izr,1,0,1,0,1,120
zra,2,1,1,0,1,120
jab,1,1,5,1,0,1
abb,5,6,0,1,59,1
bbo,3,1,0,1,10,1
bok,1,1,0,1,1,1
ok,88,1,0,1,1,2
ahl,2,17,1,3,0,2
hle,1,48,2,1,0,1
lee,11,4,2,0,1,1
hts,0,27,0,1,0,1
see,100,26,0,0,1,1
aki,7,0,0,3,0,5
kob,0,173,0,0,0,204
ob,190,174,185,195,0,10
avã,0,0,19,1,3,10
vã,0,36,369,78,24,218
jeb,3,3,3,0,0,3
ebu,10,31,3,0,3,8
bus,8,11,11,6,6,19
use,182,73,5,47,161,6
jeg,1,30,1,1,0,57
ega,18,17,46,22,19,1
jeh,288,3,321,3,0,7
eho,411,15,323,9,0,3
hov,288,0,321,2,0,1
jem,2,4,2,2,0,25
emu,2,4,3,3,3,3
mue,2,3,37,7,2,4
epe,6,0,0,1,0,4
pej,0,0,0,0,0,16
pet,0,0,4,17,19,26
epj,0,0,0,0,0,1
pja,0,0,0,0,0,2
epn,0,0,0,0,0,9
epu,0,0,31,15,1,5
pun,0,0,1,0,27,26
hro,45,14,10,15,0,3
ros,33,8,273,65,60,45
jeu,3,0,0,49,0,5
eus,3,4,0,24,3,4
jid,0,0,0,1,0,1
idl,3,0,1,1,1,1
dla,0,1,1,1,1,1
laf,0,8,1,0,1,1
ire,23,0,13,246,194,2
reh,2,3,3,8,0,9
eh,11,60,0,2,0,3
jmn,0,0,0,0,0,1
mna,8,7,13,6,6,7
job,2,3,3,3,0,3
oba,5,5,10,5,6,25
jok,2,2,2,3,0,3
oke,32,0,0,0,0,1
keb,0,4,0,0,0,1
edã,0,1,14,0,2,2
oks,2,2,2,2,2,2
ksh,2,0,0,2,0,2
onã,0,0,14,16,0,49
jor,3,3,10,0,0,3
ord,155,39,48,19,66,12
jot,0,3,0,0,0,15
ote,10,28,35,5,58,12
otj,0,0,0,0,0,1
joz,0,0,0,0,0,168
oze,0,0,0,0,0,168
zef,0,0,0,0,4,168
ef,44,28,0,54,0,2
f,1565,345,0,56,2,2
shn,0,0,0,0,0,9
jta,0,0,0,0,0,3
jud,39,29,30,31,0,31
uda,29,28,54,30,31,23
udi,4,1,7,4,18,1
udã,0,0,30,0,6,7
jug,0,2,1,8,0,1
ug,0,39,0,1,0,1
jus,0,0,5,52,0,11
tif,2,0,11,10,6,8
ifi,18,0,39,42,37,5
fik,0,0,0,0,0,1
iko,0,0,0,0,0,24
kaf,0,0,0,0,0,31
kal,0,0,0,0,0,72
lln,0,0,0,0,0,9
kam,0,128,0,0,1,74
amp,15,0,60,65,78,4
mpi,1,0,6,0,30,4
pit,21,4,8,6,20,21
amx,0,0,0,0,0,1
mxh,0,0,0,0,0,1
hik,0,0,0,0,0,25
naa,47,48,2,36,37,38
aan,46,47,1,35,33,37
nej,0,0,0,0,0,7
nal,0,0,1,0,5,3
ses,215,27,28,223,17,7
str,87,54,255,3,289,8
trã,0,45,29,43,24,17
kap,0,0,0,0,0,11
ape,6,0,10,1,21,3
kaq,0,0,0,0,0,10
rka,0,24,0,0,0,19
lec,7,41,27,7,22,7
ec,0,0,9,191,0,4
c,75,0,84,379,26,9
eca,67,0,42,0,1,9
cas,16,0,161,2,106,1
rva,106,4,39,28,16,2
kas,0,6,0,0,0,16
aso,8,1,14,0,3,1
sol,13,231,53,13,49,13
atu,4,0,9,8,5,6
kaã,0,0,0,0,0,1
aã,0,0,201,206,0,6
kec,0,0,0,0,0,8
cav,10,0,2,18,54,1
ib,2,65,2,2,2,1
cin,0,0,20,11,42,2
ked,47,2,0,1,2,2
keh,0,4,0,4,0,4
eha,1,17,0,6,0,5
ken,59,103,0,3,3,33
nac,2,152,28,0,20,2
ac,74,0,74,86,0,1
aci,3,0,115,1,19,3
ci,0,0,0,209,153,2
naz,3,0,4,3,12,5
az,10,0,26,10,9,1
eqe,0,0,0,0,0,11
qe,0,0,0,0,0,37
eqt,0,0,0,0,0,6
qtr,0,0,0,0,0,1
raj,0,0,19,0,0,4
kes,10,4,0,1,0,8
sed,87,1,2,1,20,1
edi,11,9,54,0,99,2
kir,1,2,0,3,2,3
irj,0,4,0,0,0,2
kis,11,0,0,0,0,177
kjo,0,0,0,0,0,38
kli,0,8,0,0,0,3
thm,0,0,0,0,0,1
hmã,0,7,0,0,0,6
koc,0,3,0,0,0,2
ock,64,34,0,0,0,2
cka,0,0,0,0,0,1
ckã,0,1,0,0,0,1
kod,0,0,0,0,0,1
odr,0,0,6,0,0,1
ofs,0,0,0,0,0,8
oha,10,6,4,2,0,11
ohã,0,0,0,1,0,22
kok,0,0,0,0,0,9
oka,0,0,0,0,0,17
okã,0,0,0,1,0,42
kol,0,0,0,0,0,7
olo,3,0,56,9,159,7
omb,10,0,151,22,13,10
mb,17,0,0,1,0,4
mbe,17,0,0,6,1,32
be,225,207,20,10,224,4
bev,0,0,0,0,16,1
omp,11,0,29,22,24,1
mpl,0,0,9,21,2,1
plo,1,0,2,4,2,17
lot,11,8,4,5,8,26
otu,0,0,1,0,1,5
onk,0,0,0,0,0,4
nku,0,0,0,0,0,4
kub,0,0,0,0,0,4
ubi,3,0,63,4,13,4
ons,153,22,54,220,25,7
nsi,0,0,12,48,25,3
sid,17,1,12,2,5,4
ide,40,91,7,17,55,3
ero,2,6,379,68,234,2
nsu,4,0,8,8,7,3
sul,0,0,2,1,110,9
ult,19,1,47,18,3,2
lto,1,0,13,0,41,1
sum,4,0,6,3,4,2
umo,0,0,5,0,0,8
moh,0,0,0,0,0,3
ntr,17,2,168,174,164,5
tro,28,40,337,143,285,15
rol,3,0,0,35,34,5
kop,0,1,0,0,0,55
ope,11,0,9,1,15,55
pen,21,2,10,30,40,21
pes,5,3,16,10,11,27
pev,0,0,0,0,10,3
kor,7,14,0,0,0,18
rdo,0,0,24,9,30,7
tat,15,69,15,25,137,73
orr,15,2,36,1,27,9
rrj,0,0,0,0,0,12
rje,0,0,0,0,0,22
kot,0,4,0,0,0,7
kra,0,9,0,0,0,6
kre,0,0,0,0,0,84
rem,34,60,48,75,56,20
emt,0,0,0,0,0,14
mti,0,0,0,0,0,1
mto,0,0,0,0,0,10
mtu,0,0,0,0,0,14
rer,2,53,4,55,28,22
kri,0,8,0,0,0,8
kru,0,9,0,0,0,1
shq,0,0,0,0,0,37
hqi,0,0,0,0,0,27
kry,0,0,0,0,0,50
rye,0,0,0,0,0,54
yea,68,0,0,0,0,2
ead,114,6,3,0,0,2
adm,0,0,4,0,0,2
dmi,0,0,0,0,0,2
yeb,0,0,0,0,0,5
yei,0,0,0,0,0,4
ein,24,1876,30,26,0,4
yej,0,0,0,0,0,4
ejn,0,0,0,0,0,7
ejã,0,0,22,0,0,14
yek,0,0,0,0,0,6
kup,0,0,0,0,0,32
upã,0,0,0,2,0,20
ene,104,76,59,24,152,1
neã,0,0,0,0,0,1
yep,0,0,0,0,0,3
yes,46,0,7,0,0,42
yet,36,0,1,0,0,20
ryq,0,0,0,0,0,1
yqã,0,0,0,0,0,1
ehe,5,310,2,0,0,15
hev,0,6,4,27,2,1
thy,301,0,0,0,0,32
hye,0,0,0,0,0,32
kud,0,0,0,0,0,2
udo,0,0,3,0,2,2
kuf,0,0,0,0,0,3
ufi,0,0,0,0,0,3
fir,59,0,6,28,0,1
kuj,0,0,0,0,0,30
ujd,0,0,0,0,0,6
jde,0,0,0,0,0,6
ujã,0,0,0,0,0,38
kuk,0,0,0,0,0,1
kul,0,0,0,0,0,48
ule,7,7,5,36,0,7
leã,0,0,4,2,0,1
osi,1,0,1,0,27,22
ost,34,10,65,33,286,10
ota,5,16,6,7,8,7
ndr,35,0,34,86,22,48
upa,2,0,1,13,1,7
pa,0,5,36,21,21,71
upt,1,30,0,2,0,9
pto,0,0,188,0,0,3
ptu,0,0,0,0,0,2
kuq,0,0,0,0,0,6
uq,0,0,0,0,0,3
uqe,0,0,0,0,0,3
urd,6,23,0,24,0,36
isu,0,0,1,0,4,4
ror,2,4,5,2,8,1
riz,5,0,11,0,4,3
iz,0,0,10,0,0,16
rrk,0,0,0,0,0,1
urs,34,1,0,235,0,5
rse,43,14,21,4,48,4
sev,56,0,1,0,1,3
shd,0,0,0,0,0,4
hdo,0,0,0,0,0,9
ht,189,488,0,0,0,30
kuv,0,0,0,0,0,3
ven,172,0,84,106,167,311
ky,0,0,0,0,0,42
kyã,0,0,0,0,0,3
yã,0,0,2,29,0,3
lab,58,52,94,64,1,61
no,43,0,742,0,1230,40
hai,26,0,1,16,63,2
laj,0,0,0,0,0,7
ajm,0,0,0,0,0,12
jm,0,0,0,0,0,1
jme,0,0,0,0,0,5
amã,0,0,95,15,61,7
lan,250,277,131,21,5,20
lar,24,0,86,7,41,56
goh,0,0,0,0,0,6
goi,2,0,0,2,0,29
gov,1,0,0,0,2,4
ove,163,0,67,1,70,8
gua,6,0,93,0,34,41
rgã,0,1,1,5,0,1
lau,0,20,0,0,2,1
avd,0,0,0,0,0,6
vdi,0,0,0,0,0,32
dia,9,9,31,9,30,136
vdã,0,0,0,0,0,1
ea,33,24,75,15,18,16
leb,0,41,8,0,9,1
leg,1,53,57,0,21,2
ege,1,166,0,0,0,3
gen,48,517,36,64,92,3
leh,2,6,2,0,0,2
ejo,0,0,21,0,0,17
oje,0,0,2,0,0,13
jos,163,137,457,164,0,2
leq,0,0,0,5,0,13
erm,3,109,201,19,26,3
hto,0,0,0,0,0,17
eum,1,1,1,0,2,2
evi,29,20,3,39,50,15
vi,12,10,3,20,203,8
lib,8,8,26,9,18,8
ibn,1,1,1,1,1,1
bni,1,7,1,1,1,3
hie,56,101,8,15,18,1
ie,33,1392,8,100,174,7
hja,0,4,0,0,0,5
lig,8,17,5,3,8,8
gj,0,0,0,0,0,77
igt,0,38,0,1,0,1
gte,0,115,0,1,0,1
igã,0,0,0,1,0,1
ndo,2,7,285,6,279,156
ndt,0,31,0,0,0,4
dte,0,19,0,0,0,3
lir,0,0,3,11,25,17
rom,165,20,4,11,4,1
iru,0,0,0,0,0,2
lai,17,0,0,115,0,54
lez,0,0,7,23,2,79
ezã,0,0,1,0,0,80
log,0,0,0,4,1,9
oga,0,0,4,0,4,9
llt,0,104,0,0,0,5
lti,18,5,17,17,16,4
lod,7,0,0,0,3,10
odã,0,0,13,0,0,1
lop,0,0,0,1,0,13
lqe,0,0,0,0,0,10
qej,0,0,0,0,0,4
qeu,0,0,0,0,0,5
lqy,0,0,0,0,0,1
qye,0,0,0,0,0,4
lsi,0,0,0,0,0,1
luc,0,5,3,0,3,3
uc,0,0,0,1,0,3
luf,0,1,0,0,0,11
uft,0,31,0,0,0,11
fte,72,43,0,0,0,2
ftu,0,0,0,0,0,5
lug,0,13,47,0,0,3
ugi,0,0,0,1,7,3
gin,10,87,1,0,20,3
lul,0,0,0,0,1,2
ulã,0,0,5,0,0,18
lum,0,0,8,1,1,37
ume,4,16,6,16,33,2
umt,0,15,0,0,0,8
lut,0,20,4,7,10,25
tem,7,2,37,42,53,26
utj,0,0,0,0,0,5
tju,0,0,0,0,0,3
maa,0,1,0,1,1,1
aak,0,73,0,0,0,1
kah,30,4,0,0,0,6
mad,60,0,63,10,39,55
adj,0,0,0,0,0,2
mag,12,27,10,5,31,12
agd,1,18,1,1,1,1
gdi,1,1,1,1,1,1
agj,0,0,0,0,0,11
jis,0,2,8,3,0,10
hli,1,9,0,1,0,1
ahn,0,0,0,1,0,1
maj,0,0,7,1,0,20
mak,29,0,0,2,0,5
akp,0,0,0,0,0,4
kpe,0,0,0,0,0,6
pel,7,4,12,79,35,18
alk,10,0,0,1,0,6
lki,0,0,0,1,0,3
kie,0,0,0,1,0,1
lkp,0,0,0,0,0,2
llk,0,0,0,0,0,5
lko,0,0,0,0,0,1
lku,0,0,0,0,0,2
mia,1,0,3,0,75,28
miv,0,0,0,0,0,2
mre,6,6,4,0,6,14
nas,11,16,46,11,17,11
rag,0,21,5,11,31,5
ago,4,0,11,5,6,6
gor,2,0,9,7,7,12
tel,20,19,9,14,195,3
rme,15,4,36,15,24,27
rr,0,230,0,0,0,44
rto,4,3,59,2,113,10
mas,41,4,104,10,30,18
tri,13,39,25,13,122,76
tru,11,15,8,6,13,9
rue,7,0,19,1,0,4
ues,1,0,325,30,287,6
asr,1,1,1,1,1,1
sre,1,12,1,0,1,1
ajn,0,0,0,0,0,4
rtu,1,6,10,13,3,2
aru,0,84,0,10,0,9
etj,0,0,0,0,0,3
beu,0,3,0,1,0,4
mbi,0,0,76,1,39,120
bik,0,0,0,0,0,2
ikq,0,0,0,0,0,2
kqy,0,0,0,0,0,2
qyr,0,0,0,0,0,2
yrj,0,0,0,0,0,1
ing,473,185,15,14,33,4
rko,0,3,0,0,0,22
blo,22,1,156,0,1,6
mbo,0,0,5,7,6,1
mbr,6,1,197,17,1,53
ruj,0,0,0,0,0,3
ulo,0,5,13,5,6,9
ulu,5,0,0,1,0,15
mby,0,0,0,0,0,8
bye,0,0,0,0,0,37
byl,0,0,0,0,0,6
yll,0,0,0,0,0,6
med,26,1,34,1,5,1
meg,0,0,0,0,3,2
meh,1,34,0,1,0,1
tab,6,25,72,20,13,1
doi,2,0,0,2,0,3
mer,16,37,88,44,49,40
erc,4,0,31,12,261,1
rce,5,0,28,42,11,5
cen,2,0,53,60,86,1
nar,1,0,26,1,73,2
rrn,0,132,0,0,0,17
rrt,0,8,0,0,0,1
mes,27,20,23,164,49,30
saz,0,0,0,0,6,1
zhi,0,0,0,0,0,1
esd,0,0,24,0,0,1
sdi,0,0,0,0,0,1
esi,36,40,33,1,21,36
sna,1,3,4,3,0,2
opo,1,12,4,1,138,1
etr,0,34,4,5,35,16
tre,71,42,114,304,162,64
mez,0,0,3,0,32,1
zah,3,4,0,1,0,1
abu,1,0,8,5,0,6
but,108,0,2,5,1,1
mib,2,2,2,2,2,2
ibc,0,0,0,0,0,1
bca,0,0,0,0,0,1
car,21,0,98,157,118,1
ibs,1,3,1,1,2,1
bsa,1,3,1,1,2,1
mic,0,94,0,0,13,3
cah,3,0,0,0,0,2
mid,36,9,14,4,0,31
idi,13,11,19,4,11,31
mig,25,2,36,2,35,2
igd,1,1,2,2,2,2
gda,0,0,1,1,1,1
gdo,1,1,1,1,1,1
mij,0,0,0,0,0,50
mik,0,0,0,0,0,5
kai,0,0,0,0,0,1
ail,34,0,0,99,0,1
ilk,4,5,0,0,0,4
iqã,0,0,0,0,0,3
ras,5,6,157,120,16,80
irr,0,3,2,4,4,30
hae,1,0,0,0,0,1
hma,14,4,0,1,0,2
tsp,0,0,0,1,0,1
pah,8,0,0,2,0,8
miz,4,0,4,2,5,10
iza,0,0,7,0,0,7
zas,0,0,15,0,0,4
zor,0,13,0,0,0,1
izã,0,0,10,0,0,2
jaf,0,0,0,0,0,5
aft,55,19,0,0,0,6
ft,34,34,0,0,0,7
ltã,0,0,5,0,7,1
mje,0,0,0,0,0,13
jek,0,0,0,0,0,22
moa,2,2,2,2,2,1
oab,2,2,2,2,2,1
ois,0,0,199,97,0,124
siu,0,0,0,0,0,121
iun,0,3,1,0,37,21
iut,0,0,0,0,29,50
mok,0,0,0,0,0,1
okr,0,0,0,0,0,1
krã,0,3,0,0,0,1
one,205,4,57,0,390,5
ned,116,0,4,0,69,4
mot,33,0,2,1,1,23
tak,79,0,0,0,0,16
otr,0,0,193,87,30,21
otã,0,0,4,3,6,106
mov,9,0,3,0,2,1
mpr,0,0,31,4,8,1
mun,4,7,0,0,9,73
ung,32,63,1,0,26,2
nge,67,247,10,118,59,4
ges,23,308,1,26,2,10
mup,1,1,1,1,1,1
mur,21,10,56,6,3,6
urt,9,26,10,3,1,24
taj,0,0,1,0,0,167
mus,9,1,8,2,1,6
myn,0,0,0,0,0,1
ynx,0,0,0,0,0,1
nxy,0,0,0,0,0,1
xyr,0,0,0,0,0,1
aam,2,1,2,1,1,2
naf,0,0,0,0,1,2
fta,0,3,0,0,5,13
tal,8,1,40,3,96,10
aho,6,9,87,0,0,8
nam,88,20,1,1,4,2
naq,0,0,0,7,0,1
aqã,0,0,0,0,0,1
ate,102,208,29,12,270,10
daj,0,0,0,0,0,52
dau,96,0,0,0,0,3
eru,0,20,0,0,1,5
dez,0,0,7,5,1,1
ndh,0,0,0,0,0,1
iej,0,0,4,0,0,2
ihm,0,230,0,0,0,5
hmo,0,1,0,0,0,4
mof,0,0,0,0,0,2
moj,0,0,1,0,0,8
diq,0,0,0,1,0,26
iqi,0,0,0,0,0,1
div,11,0,10,1,60,1
dod,0,0,0,0,6,70
dof,0,0,0,0,0,8
dok,0,0,0,0,0,1
doq,0,0,0,0,0,5
oqã,0,0,0,0,0,6
dos,2,0,223,0,11,30
dro,9,2,2,31,33,13
drr,0,0,0,0,0,16
dry,7,0,0,0,0,5
rys,0,0,0,0,0,6
hoi,2,0,0,0,0,4
dta,0,1,0,0,0,1
neb,3,6,0,3,6,3
nef,0,0,0,0,2,5
feg,0,0,0,0,1,1
eft,27,1,0,0,0,5
neg,0,0,13,0,5,1
gev,0,0,0,0,7,1
nep,1,1,6,5,12,1
nev,2,0,0,0,12,8
ver,264,152,76,264,175,18
evo,11,0,13,3,32,3
voj,0,0,0,0,0,5
ojs,0,0,0,0,0,2
ga,0,0,34,0,12,325
jiz,0,2,0,0,0,15
jye,0,0,0,0,0,2
jyr,0,0,0,0,0,1
ngo,0,0,19,2,17,14
gop,0,0,0,0,0,3
opu,0,0,1,0,0,101
ngr,12,0,35,1,2,74
gre,44,8,30,18,59,1
rih,0,0,0,2,0,7
gro,22,38,21,19,4,1
oh,205,19,6,0,0,10
ysu,0,0,0,0,0,1
grã,0,16,4,39,0,17
ngu,3,0,20,6,24,29
gul,0,0,0,0,0,8
ulm,0,0,0,0,0,7
lm,4,2,0,0,0,1
lmu,0,0,0,0,0,2
gus,0,0,11,0,5,4
ngã,0,0,5,26,0,1
nie,3,34,50,6,15,3
isj,0,0,0,0,0,2
sje,0,0,0,0,0,15
su,0,0,542,1,39,2
jih,0,0,0,0,0,1
ihn,0,304,0,0,0,5
njo,0,0,0,0,0,19
jof,0,0,2,0,0,5
ohi,0,0,1,0,0,5
jol,0,0,47,0,0,1
nki,2,0,0,0,0,1
nko,0,4,0,0,0,1
noh,0,0,0,0,0,2
nto,721,0,304,3,219,1
tok,2,0,0,0,0,50
nuk,0,0,0,0,0,281
uk,0,0,0,0,0,281
num,8,0,0,0,22,8
umr,0,0,0,0,0,4
usj,0,0,0,0,0,2
nxe,0,0,0,0,0,1
xeh,0,0,0,0,0,1
nxi,0,0,0,0,0,18
xin,0,0,0,0,0,2
xir,0,0,0,0,0,8
xis,0,0,0,0,0,2
xit,0,0,0,0,0,6
nxj,0,0,0,0,0,7
xje,0,0,0,0,0,7
nxo,0,0,0,0,0,7
xor,0,0,0,0,0,7
nyr,0,0,0,0,0,15
obo,2,2,6,2,1,3
ofi,2,0,4,1,0,4
fic,30,0,42,18,33,7
ice,69,0,14,31,65,4
cer,28,0,88,22,103,8
ofr,0,0,1,0,0,2
oho,7,7,0,7,0,8
iba,9,8,25,8,8,9
bam,7,7,11,7,33,7
lok,0,0,0,0,0,1
kau,0,40,0,0,0,1
aus,56,341,25,81,25,1
ose,354,288,30,193,142,20
pad,11,0,208,11,243,11
dam,10,7,18,2,6,2
add,15,0,0,11,16,1
dda,11,0,0,11,11,1
paf,0,0,0,0,0,2
pag,0,1,4,2,37,10
age,28,224,1,62,3,7
paj,0,0,10,0,0,2
kic,0,0,0,0,0,1
kta,0,0,0,0,0,1
ktã,0,0,0,0,0,3
pal,3,4,55,3,14,6
pam,0,0,2,0,17,7
ojt,0,0,0,0,0,2
amj,0,0,0,0,0,1
pan,12,5,120,11,36,7
eah,34,0,1,0,0,1
pap,0,1,0,0,1,1
apr,0,0,7,45,38,3
pri,31,22,95,149,151,26
paq,0,0,0,2,0,6
par,27,0,398,314,297,240
ral,0,0,8,0,7,2
rap,7,2,0,48,6,19
ijn,0,0,0,0,0,6
raq,0,0,0,0,0,8
aqi,0,0,0,0,0,8
qit,0,0,0,0,0,10
asy,0,0,0,0,0,1
sys,0,0,0,0,0,1
hot,6,0,0,0,0,23
thp,0,0,0,0,0,12
pas,106,7,56,233,78,255
sar,6,9,28,13,161,37
hka,0,0,0,0,0,31
asu,2,0,0,0,1,16
sue,8,0,60,1,18,1
pat,3,0,5,2,7,30
pau,1,3,1,11,10,2
aud,3,0,0,5,6,1
udh,0,0,0,0,0,17
paã,0,0,22,4,0,3
llg,0,0,0,0,0,2
lgj,0,0,0,0,0,2
pem,0,0,0,1,0,4
doh,0,0,0,0,0,1
ng,467,124,0,19,0,1
per,31,3,79,36,667,199
ts,161,38,0,185,0,1
tsi,0,4,0,7,0,4
eze,4,6,8,0,0,5
zej,0,0,0,0,0,4
rso,4,8,10,9,67,5
nav,0,0,2,1,7,2
pia,0,0,3,0,50,15
iak,0,0,0,0,0,1
ake,200,4,0,0,0,43
pij,0,0,0,0,0,7
pik,0,0,0,0,0,29
pil,21,0,4,3,1,4
ild,169,7,0,1,1,1
ino,1,2,115,4,152,1
pir,5,0,2,5,25,17
pis,1,0,0,12,4,16
piu,0,0,0,0,6,10
piv,0,0,0,0,3,5
iva,0,0,9,61,61,1
pje,0,0,0,0,0,34
llj,0,0,0,0,0,4
erg,0,50,0,31,2,2
pla,53,9,20,24,5,10
lag,6,56,4,1,8,3
laã,0,52,0,2,0,2
ple,135,0,2,136,0,13
lep,2,0,1,0,0,1
epi,2,0,1,0,1,1
otf,0,0,0,0,0,5
tfu,10,0,0,0,0,5
plu,1,0,1,62,0,5
luh,0,0,0,0,0,5
uhu,0,0,0,0,0,9
pop,1,0,0,0,102,99
puj,0,0,0,0,0,6
ujs,0,0,0,0,0,2
pul,0,0,32,12,2,95
poq,0,0,0,0,0,3
por,10,5,459,70,76,227
oro,0,0,11,0,245,4
pos,18,0,36,29,207,7
oti,5,5,11,6,20,255
ife,88,3,2,0,33,3
apa,3,0,46,2,4,6
pth,1,0,0,0,0,1
ekt,0,0,0,0,0,2
rep,11,0,21,7,15,1
puc,0,0,2,1,0,1
uci,0,0,3,0,5,3
rif,19,0,23,29,51,11
ift,29,1,0,0,0,8
fti,0,2,0,0,0,1
inc,15,0,56,13,61,3
nc,0,0,0,18,0,1
nci,5,0,107,24,52,1
riv,40,0,3,95,70,4
voh,0,0,0,0,0,2
pro,34,3,36,92,145,44
rob,0,0,11,3,5,32
obl,0,0,6,0,0,1
hoj,0,0,2,0,0,5
rof,2,1,4,5,9,1
ofe,0,2,2,0,3,1
fet,6,7,2,2,6,1
tut,7,9,5,10,237,10
ovo,0,0,0,1,8,4
vok,0,0,0,0,0,1
ovã,0,0,310,0,10,1
pse,0,0,0,0,0,179
pua,1,1,0,4,1,2
uah,2,1,0,0,0,2
una,4,0,77,0,122,6
tek,0,0,0,0,0,50
kav,0,0,0,0,0,4
pus,0,0,32,3,2,34
put,61,1,0,4,9,14
tie,12,19,341,99,51,2
puv,1,0,0,1,1,1
uva,1,1,3,40,2,1
puã,0,0,32,0,5,2
uã,0,0,375,29,19,2
pye,0,0,0,0,0,15
qaf,0,0,0,0,0,11
fa,0,0,0,0,3,1
qan,0,0,0,0,0,4
qau,0,0,0,0,0,12
qel,0,0,0,0,0,2
lb,0,1,0,0,0,2
qer,0,0,0,0,0,13
qes,0,0,0,0,0,2
qev,0,0,0,0,0,5
qia,0,0,0,0,0,1
qie,0,0,0,0,0,17
qij,0,0,0,0,0,3
qof,0,0,0,0,0,36
qor,0,0,0,0,0,1
qua,1,0,0,80,321,42
quh,0,0,0,0,0,7
qum,0,0,0,0,0,6
qys,0,0,0,0,0,3
qyt,0,0,0,0,0,30
yte,0,0,0,0,0,30
raa,1,0,1,0,0,1
ams,19,26,1,3,3,3
mse,42,8,1,0,3,3
rac,53,498,84,69,100,2
rad,9,0,61,0,18,10
kel,4,6,0,0,0,42
elã,0,2,4,16,2,20
st,353,579,0,279,10,21
rbe,0,82,2,15,4,28
bef,103,13,0,0,1,2
efs,12,0,0,16,0,2
bej,0,0,0,0,0,15
eji,0,0,0,0,0,2
rbi,0,1,0,0,2,7
rbl,0,2,0,0,0,3
bly,4,0,0,0,0,1
lye,0,0,0,0,0,1
rbr,0,19,0,5,0,2
rby,0,0,0,72,0,35
esj,0,0,0,0,0,3
esv,0,0,0,0,0,1
rbã,0,0,1,0,0,104
cej,0,0,0,0,0,1
cel,5,0,18,70,19,2
ces,14,0,192,63,34,1
rcj,0,0,0,0,0,1
rco,0,0,3,13,27,1
col,6,0,26,20,160,1
hos,36,0,13,22,0,11
orn,83,20,20,0,166,1
rdr,1,3,0,3,0,1
rea,178,0,20,7,2,1
eal,19,0,6,0,1,1
efu,10,18,0,11,1,6
fuz,0,0,0,0,0,6
uzo,0,0,0,0,0,5
zoj,0,0,0,0,0,2
zos,0,0,8,0,0,1
zov,0,0,0,0,0,1
uzu,0,0,0,0,0,1
hob,5,20,2,5,0,5
esp,6,2,205,17,5,1
spe,52,19,25,4,22,1
pek,0,0,0,0,0,1
eue,6,65,5,5,6,6
zer,9,19,8,0,9,7
rvã,0,0,5,6,3,1
rfa,0,13,0,0,0,1
rfi,0,1,1,0,2,1
rfo,1,1,0,0,0,1
rcu,12,0,11,1,2,1
cua,0,0,202,0,1,1
rfs,0,0,0,0,0,1
hiu,0,0,0,0,4,2
rft,0,3,0,0,0,2
rfu,3,1,0,0,0,6
rga,1,2,14,0,0,14
jig,0,0,0,0,0,49
go,148,0,132,0,52,5
gon,14,0,1,0,2,3
rha,0,15,1,0,0,4
rhe,0,10,4,2,0,2
rhi,0,3,0,0,0,2
rho,0,3,0,0,0,4
rhy,0,0,0,0,0,2
rib,3,1,15,7,12,1
atn,4,0,0,0,0,1
rke,28,15,0,0,0,6
ko,0,0,0,0,0,23
rkt,0,2,0,0,0,1
ul,35,5,1,17,53,10
uls,14,0,0,1,0,2
lsh,0,0,0,0,0,2
rmb,0,0,0,0,0,5
orj,0,0,0,0,0,4
rmj,0,0,0,0,0,4
ajs,0,0,0,0,0,1
rnd,0,0,0,0,0,5
oit,0,0,0,48,0,2
rpa,0,0,0,1,1,19
rpi,0,0,1,0,4,6
rpj,0,0,0,0,0,1
rpo,1,0,1,0,2,2
oq,0,0,0,0,0,1
rqa,0,0,0,0,0,5
afo,0,0,0,0,0,3
foi,0,0,0,18,0,3
rqi,0,0,0,0,0,6
erj,0,0,0,0,0,2
ih,0,0,0,0,0,1
iht,0,2,0,0,0,2
riã,0,3,99,10,0,1
jed,0,2,0,0,0,13
bat,5,7,6,6,20,16
bav,0,0,0,0,0,1
obe,9,33,14,0,1,5
obj,0,0,0,8,0,3
bja,0,0,0,0,0,3
rru,1,0,0,0,0,31
ruf,0,11,0,0,0,1
ufe,0,46,0,0,0,1
fe,88,53,0,0,0,1
rug,1,22,1,0,7,19
ugã,0,0,0,0,2,19
rsa,1,17,2,4,18,26
rsi,1,0,1,1,18,5
rsu,7,5,0,9,0,2
rsã,0,11,4,0,3,24
tac,0,0,9,11,10,3
acã,0,0,43,0,0,3
rub,0,37,17,16,22,16
ube,17,51,10,16,23,17
ruh,0,3,0,0,0,5
rul,9,0,0,0,0,4
veã,0,0,6,0,0,28
rvi,9,0,42,143,82,1
vih,0,0,1,0,0,2
rvj,0,0,0,0,0,1
rvr,0,0,0,0,0,1
vra,0,0,0,15,13,33
rz,0,30,0,0,0,1
rze,0,26,0,2,2,2
zen,0,28,0,0,0,1
rzi,0,17,1,2,3,2
zie,2,108,2,5,11,3
ier,4,59,702,125,82,3
rzu,0,7,0,0,0,1
zun,0,2,0,0,0,3
sah,2,74,2,1,0,1
dut,2,1,1,1,11,1
akr,0,0,0,0,0,3
aml,2,2,2,2,2,2
mla,2,2,2,2,2,2
san,14,37,40,155,38,2
sap,1,1,1,3,45,5
sas,0,5,60,2,1,5
sia,0,0,1,0,56,2
aul,6,4,0,5,4,4
sec,13,13,8,18,43,19
sef,0,0,0,0,1,4
sei,8,688,19,83,42,8
eir,175,8,8,0,9,8
sep,163,136,37,220,199,149
eps,2,0,0,0,0,149
hef,0,1,0,70,0,1
heo,4,0,14,0,0,1
eol,4,0,0,0,0,1
shf,0,0,0,0,0,14
hfa,0,0,0,0,0,14
qje,0,0,0,0,0,1
hib,1,0,0,0,0,1
hif,0,1,0,0,0,1
ifr,0,0,0,0,1,1
hig,10,2,0,0,0,1
hih,0,0,0,0,0,7
hil,161,16,6,9,2,2
ile,32,24,12,12,16,2
ilo,1,0,5,1,35,1
imr,2,2,2,2,2,2
mro,1,1,0,1,1,1
kak,0,0,0,0,0,24
hki,0,0,0,0,0,2
hkr,0,0,0,0,0,17
hnd,0,0,0,0,0,6
hoh,0,4,0,0,0,13
hok,0,0,0,0,0,1
oqe,0,0,0,0,0,2
oqj,0,0,0,0,0,2
hpa,0,0,0,0,0,12
tul,0,0,11,2,0,11
hpe,6,0,0,0,0,23
hpi,0,0,0,0,0,12
irt,19,10,5,0,3,12
hpj,0,0,0,0,0,2
egi,3,5,254,0,241,2
ego,0,1,46,0,2,25
hpo,0,0,0,0,0,4
hpu,0,0,0,0,0,2
hqe,0,0,0,0,0,7
hqy,0,0,0,0,0,3
teg,0,0,0,0,14,3
egt,0,47,0,0,0,5
gti,0,0,0,0,0,3
tir,0,2,12,69,87,18
tof,4,0,0,0,0,1
tol,39,0,0,0,17,3
try,5,0,0,0,0,2
ryd,0,0,0,0,0,1
ydh,0,0,0,0,0,1
hty,14,0,0,0,0,9
tyn,0,0,0,0,0,1
typ,0,0,0,0,0,7
ypi,0,0,0,0,0,1
ypj,0,0,0,0,0,1
ypn,0,0,0,0,0,2
ypã,0,0,0,0,0,3
mtã,0,0,0,0,0,4
umu,0,0,0,0,1,1
sie,0,705,212,7,42,3
sig,40,1,24,19,333,20
igu,0,0,13,1,7,20
sik,0,0,0,0,0,22
ikl,0,0,0,0,0,3
kla,0,9,0,0,0,1
kle,11,33,0,0,0,1
sil,13,19,0,0,2,13
llm,0,6,0,0,0,2
meo,13,13,6,0,18,13
sip,0,1,1,1,0,10
ipa,0,0,17,0,1,7
sis,50,0,1,6,7,6
emo,13,10,96,3,46,1
tna,1,1,1,1,1,1
siv,0,0,0,0,0,1
ska,0,1,0,0,0,1
kaj,0,0,0,0,0,1
ske,17,0,0,0,0,1
kep,8,0,0,0,0,1
ptr,1,0,0,1,0,1
skl,0,0,0,0,0,17
kll,0,0,0,0,0,17
av,0,0,0,0,0,2
v,79,0,74,0,4,2
evã,0,0,29,30,4,5
uad,0,0,13,0,2,3
sod,0,0,0,0,0,1
soh,0,138,0,0,0,6
ole,17,5,57,42,55,2
emn,3,0,2,0,0,2
mn,1,0,0,0,0,1
sor,16,4,3,90,36,2
sos,0,0,27,0,7,2
sot,0,1,131,0,22,23
otm,0,0,0,0,0,2
tme,5,0,0,0,0,8
spi,18,3,16,7,35,7
spr,13,492,2,5,5,1
ovu,0,0,0,0,2,1
vua,0,0,0,0,0,5
spã,0,4,17,8,0,1
ruk,0,0,0,0,0,1
ual,1,0,79,0,70,1
suk,0,4,0,0,0,4
uko,0,0,0,0,0,4
lmo,3,0,0,0,0,4
sun,6,2,1,0,22,2
sup,1,0,1,8,5,3
sy,0,0,0,0,0,5
syr,6,7,0,1,0,2
syt,0,0,0,0,0,41
syv,0,0,0,0,0,8
tah,0,2,0,0,0,1
teb,0,1,0,0,1,1
jmi,0,0,0,0,0,2
tep,0,0,0,0,2,9
thj,0,0,0,0,0,2
aju,0,0,0,0,0,2
huh,0,2,0,0,0,3
tia,67,0,20,0,81,4
til,45,7,9,1,2,7
imn,7,7,7,6,6,6
tiv,5,0,4,5,9,6
rrs,0,2,0,0,0,1
tog,13,0,0,0,5,9
og,1,39,0,0,0,7
ogj,0,0,0,0,0,3
ogu,0,0,0,0,1,1
tav,0,0,0,0,38,2
azu,0,21,0,0,0,1
gta,0,0,0,0,0,2
mbn,0,0,0,0,0,2
req,4,0,4,0,0,1
eqi,0,0,0,0,0,1
ond,39,38,155,58,123,1
pav,0,0,0,0,3,1
yez,0,0,0,11,0,1
za,0,0,69,2,112,13
sif,0,0,0,0,1,1
fio,0,0,0,3,4,1
tso,3,0,0,4,0,2
tuf,3,0,0,0,0,1
ufã,0,0,0,0,0,1
urp,1,0,0,1,1,4
rp,1,0,0,0,0,2
rps,0,0,0,1,0,1
psh,0,0,0,0,0,1
cie,0,0,208,29,19,2
uji,0,0,1,0,0,12
ujk,0,0,0,0,0,1
jk,0,0,0,0,0,1
ulc,0,0,3,16,3,4
lce,0,0,0,0,5,4
rie,57,59,36,78,32,1
rry,16,0,0,0,0,4
qim,0,0,0,0,0,24
uts,2,0,0,4,0,1
vaj,0,0,0,0,0,29
ajz,0,0,0,0,0,13
jza,0,0,0,0,0,8
jzã,0,0,0,0,0,5
val,3,0,5,19,31,7
vap,0,0,0,0,0,1
var,0,0,102,0,50,49
gan,2,63,48,0,8,1
arn,1,23,19,0,13,1
zat,1,0,1,1,26,2
vat,3,172,1,1,48,1
vau,0,0,0,6,0,1
vaz,0,0,0,0,0,6
zhd,0,0,0,0,0,9
hdu,0,0,0,0,0,3
vde,0,0,0,0,0,49
dek,0,0,0,0,0,26
ekj,0,0,0,0,0,7
epr,3,0,5,3,0,22
pru,2,0,2,1,1,12
veg,0,0,0,0,14,8
egl,0,29,0,0,217,1
gla,1,12,0,1,0,2
vel,2,0,9,5,9,3
ndb,0,0,0,0,0,1
dba,0,0,0,0,0,1
ndl,9,17,0,0,0,1
dli,0,24,0,0,0,1
dst,34,0,0,0,0,1
ndv,0,1,0,0,0,2
dva,0,0,0,0,0,2
vep,0,0,0,0,0,21
erb,6,84,7,10,10,1
hmb,0,0,0,0,0,1
etm,0,0,0,0,0,6
tmi,0,0,0,0,0,4
vid,8,0,51,6,45,1
vij,0,0,0,0,0,33
vin,16,0,77,95,26,23
vir,1,0,20,22,19,1
irg,1,2,1,0,1,1
vis,10,3,38,35,38,2
viz,0,0,3,0,4,9
zur,0,36,0,0,0,6
ehr,0,79,0,0,0,4
hrr,0,0,0,0,0,4
vle,0,0,0,0,0,2
lef,27,0,0,0,0,1
vod,0,0,0,0,0,2
vog,0,0,0,0,11,18
ogl,0,0,0,0,116,4
gli,0,41,0,0,1162,2
glã,0,5,0,0,0,1
ogã,0,0,33,3,2,14
von,0,282,0,34,5,5
ono,4,0,30,3,467,2
poi,9,0,0,55,141,7
hdã,0,0,0,0,0,1
vri,0,0,0,13,2,2
vu,0,0,0,18,0,2
jtj,0,0,0,0,0,1
vul,0,0,0,0,0,3
lne,0,1,0,0,0,1
net,13,55,0,8,23,1
vum,0,0,0,0,0,1
vun,0,0,0,0,1,7
vur,0,0,0,0,0,31
xun,0,0,0,0,0,3
unk,1,4,0,0,0,3
yje,0,0,0,0,0,3
yt,0,0,0,0,0,38
zaa,1,0,2,1,2,1
aav,1,0,1,1,1,1
ava,5,0,10,185,244,1
zab,0,0,7,5,0,5
zak,0,0,0,0,0,6
zan,0,8,5,0,8,1
zba,0,0,0,0,0,4
zbr,0,0,0,0,0,24
azn,0,0,0,0,0,1
zbu,0,0,0,0,0,2
mrã,0,0,1,6,0,17
zez,0,0,0,0,0,2
zga,0,0,6,0,0,4
gav,44,0,0,0,0,4
avr,0,0,0,0,25,4
vrã,0,0,0,4,10,3
zgj,0,0,0,0,0,19
jod,0,0,0,0,0,1
zhv,0,0,0,0,0,10
hve,0,0,0,0,0,6
hvi,1,0,0,1,0,2
hvo,0,0,0,0,0,2
vos,0,0,125,54,97,2
hkj,0,0,0,0,0,1
zij,0,0,0,0,0,13
zik,0,0,0,0,0,1
ikr,0,0,0,0,0,1
zil,7,0,8,7,7,10
liq,0,0,4,3,0,1
iqa,0,0,0,0,0,1
ilp,7,7,7,7,7,7
lpa,7,7,11,7,13,7
inx,0,0,0,0,0,2
nxh,0,0,0,0,0,2
zja,0,0,0,0,0,10
zo,0,0,106,1,66,1
zoa,0,0,2,0,0,1
oar,1,0,2,0,0,1
zog,0,72,0,0,3,2
gjt,0,0,0,0,0,2
zon,0,0,0,0,0,2
zot,0,0,2,0,0,333
zve,0,0,0,0,0,5
erk,0,49,0,0,0,1
bba,4,4,0,0,9,0
rã²,0,0,0,0,205,0
ã²,0,0,0,0,672,0
²,0,0,0,0,672,0
ssa,8,13,7,94,144,0
anz,0,66,14,0,46,0
nza,0,1,11,0,100,0
att,41,163,0,20,223,0
tti,15,2,0,1,255,0
ttã,0,0,0,1,48,0
bbe,0,5,0,0,251,0
oio,0,0,0,0,2,0
io,0,0,82,0,912,0
bbi,0,0,0,0,34,0
mo,0,0,241,0,306,0
iat,1,0,1,2,82,0
bbr,0,1,0,0,6,0
acc,49,0,0,22,282,0
cci,0,0,9,5,80,0
ciã,0,0,142,0,64,0
iã²,0,0,0,0,82,0
af,3,6,0,0,2,0
iss,17,20,6,157,369,0
ssi,33,2,2,91,103,0
sso,7,3,0,14,131,0
so,129,282,76,0,229,0
tã²,0,0,0,0,70,0
biu,0,0,0,0,1,0
abo,36,0,26,17,7,0
bom,4,0,6,4,4,0
nio,1,0,3,0,9,0
moâ,0,0,0,0,5,0
oâ,0,0,0,0,96,0
â,0,0,151,163,1019,0
rec,4,65,111,24,23,0
ech,26,196,84,3,24,0
châ,0,0,0,0,1,0
hâ,0,0,0,0,1,0
acb,0,0,0,2,2,0
cbo,0,0,0,2,2,0
cca,1,0,0,30,97,0
cad,0,0,68,0,10,0
cam,240,0,124,15,149,0
mpa,11,0,7,7,58,0
mpe,7,0,7,5,7,0
mpã,0,0,3,5,7,0
pã²,0,0,0,0,3,0
can,63,0,79,48,76,0
cce,1,0,0,0,22,0
ess,157,72,0,90,309,0
cet,0,0,3,54,16,0
ett,5,23,0,74,291,0
tta,4,5,0,11,108,0
tte,31,317,0,72,194,0
cco,52,0,4,19,253,0
cog,0,0,26,0,9,0
lie,36,125,14,92,159,0
con,68,0,523,191,566,0
nse,3,63,36,18,52,0
ann,22,128,0,46,176,0
nno,7,0,0,3,112,0
mol,0,1,5,0,41,0
opp,4,2,0,7,44,0
ppi,2,2,2,2,33,0
iar,0,0,22,0,59,0
iav,0,0,0,0,61,0
cor,60,0,90,69,127,0
org,7,50,0,4,8,0
rge,17,100,1,75,19,0
cos,0,0,64,0,189,0
cov,15,0,0,0,8,0
vac,0,0,34,12,14,0
cia,11,0,77,0,153,0
ccr,0,0,0,2,1,0
cre,6,0,24,23,24,0
ccu,2,0,0,7,2,0
cum,12,0,13,0,1,0
ach,73,802,67,119,58,0
chi,206,38,7,9,353,0
acq,0,0,0,7,86,0
cqu,0,0,0,7,86,0
uaâ,0,0,0,0,3,0
aâ,0,0,0,0,40,0
que,1,2,1231,566,526,0
ue,13,13,1076,493,161,0
qui,11,3,104,304,67,0
uis,1,0,14,138,31,0
acu,1,0,3,21,1,0
cuz,0,0,0,0,1,0
uzz,3,0,3,1,4,0
zza,3,0,3,3,27,0
adb,1,0,0,1,1,0
dbe,1,0,0,1,1,0
beã,0,0,6,10,1,0
ddo,0,0,0,0,6,0
oss,16,5,0,21,92,0
soâ,0,0,0,0,3,0
dir,0,151,27,103,59,0
dun,3,3,0,0,49,0
aff,15,10,0,8,21,0
ffa,0,1,0,1,5,0
fac,31,6,0,31,32,0
tic,0,0,5,2,21,0
tto,0,0,0,0,478,0
ffe,8,14,0,2,7,0
fez,0,0,0,0,1,0
zio,0,0,0,0,115,0
ffi,14,0,0,6,12,0
fid,0,0,0,0,5,0
dat,0,1,5,0,86,0
idã,0,0,2,2,9,0
dã²,0,0,0,0,61,0
ffl,9,0,0,10,4,0
itt,42,55,0,5,238,0
liz,0,0,2,0,5,0
neâ,0,0,0,0,17,0
eâ,0,0,0,0,93,0
ffr,0,0,0,8,12,0
agg,1,1,1,1,80,0
ggh,0,0,0,0,1,0
ghi,0,0,0,0,15,0
ggi,1,1,1,0,162,0
giu,0,0,0,0,252,0
uns,0,195,0,3,12,0
ggr,0,0,0,0,1,0
vav,0,0,0,0,11,0
gio,0,0,1,0,189,0
gir,2,0,0,0,4,0
git,0,0,1,0,185,0
agl,0,1,0,0,62,0
agn,0,0,3,27,49,0
gne,15,67,0,120,19,0
nel,0,1,0,262,275,0
aia,1,0,0,0,10,0
aiu,0,0,0,0,1,0
lbe,0,36,0,0,5,0
alc,1,1,10,0,24,0
lcu,0,0,0,0,11,0
cun,0,0,11,29,34,0
eat,123,0,0,0,6,0
nã²,0,0,0,0,52,0
lme,2,1,3,0,8,0
eno,7,18,61,16,23,0
ltr,0,0,0,1,67,0
veâ,0,0,0,0,1,0
roâ,0,0,0,0,12,0
alz,0,0,23,0,52,0
lza,1,1,16,0,25,0
zai,0,0,0,0,1,0
vo,0,0,60,0,78,0
lze,0,4,2,0,1,0
lzi,0,0,0,0,2,0
zia,0,0,0,0,102,0
moc,2,5,1,0,2,0
oci,0,0,38,0,9,0
lzã,0,0,7,0,24,0
zã²,0,0,0,0,25,0
ezz,0,0,0,0,57,0
ich,138,1295,55,20,51,0
che,101,381,43,357,675,0
olm,0,1,0,0,2,0
ico,1,0,22,5,61,0
co,0,0,51,0,223,0
amm,3,56,2,10,64,0
mma,30,2,2,35,6,0
sse,105,234,0,184,474,0
ssã,0,2,0,53,15,0
sã²,0,0,0,0,20,0
mme,0,183,0,376,35,0
mmi,3,2,1,10,36,0
ab,7,84,7,7,7,0
mmo,0,0,0,0,17,0
orb,0,13,0,4,1,0
rei,32,160,38,14,19,0
ei,1,195,0,0,255,0
reo,34,0,20,0,7,0
eo,0,0,44,0,28,0
pio,0,0,8,7,15,0
mã²,0,0,0,0,63,0
nca,10,0,30,0,14,0
nce,100,0,169,78,40,0
nch,8,0,12,97,94,0
ch,211,1717,10,72,45,0
nco,0,0,22,70,66,0
dav,0,18,7,3,56,0
aiâ,0,0,0,0,2,0
iâ,0,0,0,0,47,0
ã²â,0,0,0,0,4,0
²â,0,0,0,0,4,0
anf,0,4,0,0,9,0
nfo,0,1,16,5,17,0
raâ,0,0,0,0,3,0
gel,8,85,7,1,16,0
osc,0,1,13,0,23,0
sci,0,0,9,1,178,0
iaâ,0,0,0,0,4,0
nna,4,3,0,50,20,0
nni,3,0,0,2,57,0
ien,7,77,341,344,47,0
niâ,0,0,0,0,10,0
nnu,0,0,0,13,9,0
nui,0,0,4,31,4,0
uir,5,0,16,12,28,0
nun,0,115,16,0,6,0
unz,0,0,0,0,5,0
nzi,0,17,0,0,29,0
iag,1,0,0,0,22,0
ofã,0,0,0,1,1,0
fã²,0,0,0,0,1,0
app,22,1,0,188,46,0
ppa,0,0,0,24,28,0
ppe,24,5,0,93,189,0
ppr,2,0,0,43,6,0
odo,0,0,187,0,17,0
ppu,0,0,0,0,24,0
imm,0,74,0,2,10,0
prã,0,2,20,156,11,0
arc,6,0,9,53,26,0
rch,9,74,4,25,220,0
coâ,0,0,0,0,4,0
rde,36,245,32,47,7,0
rgi,5,5,0,1,4,0
iet,2,6,50,0,73,0
onn,0,27,0,196,83,0
nne,14,115,0,132,121,0
icc,0,0,7,0,22,0
cch,0,0,0,0,118,0
chã,0,31,103,53,236,0
vas,0,0,29,5,6,0
ivi,21,0,15,11,13,0
ivã,0,0,2,12,10,0
vã²,0,0,0,0,29,0
laz,0,0,1,0,4,0
asb,0,1,1,0,1,0
sbe,0,1,1,0,1,0
asc,1,10,7,0,176,0
ciu,0,0,28,0,31,0
utt,2,33,0,4,260,0
taâ,0,0,0,0,10,0
sco,11,0,13,0,85,0
olt,2,3,0,1,151,0
arl,11,0,30,80,82,0
rli,0,12,0,0,9,0
sai,474,0,0,81,7,0
sal,3,7,105,12,50,0
alg,0,1,25,0,4,0
lga,0,0,6,0,3,0
irc,12,0,11,12,15,0
rci,0,0,16,20,34,0
seg,0,67,18,0,51,0
egn,0,67,0,0,46,0
gna,0,19,0,14,42,0
gnã,0,1,1,4,13,0
sic,3,195,20,21,27,0
icu,0,0,0,0,5,0
soc,0,0,0,0,3,0
oce,2,0,22,1,42,0
ssu,1,1,1,32,22,0
tuz,0,0,0,0,3,0
ccã,0,0,0,0,5,0
cã²,0,0,0,0,31,0
enz,0,4,2,0,79,0
ins,53,44,0,135,34,0
rno,1,0,12,0,67,0
ttr,0,0,0,16,17,0
aug,101,33,0,4,1,0
ugu,0,0,0,0,2,0
aum,0,28,3,8,2,0
aur,0,2,0,37,13,0
vem,0,0,3,1,1,0
emm,0,1,0,106,10,0
imo,1,0,79,0,84,0
vam,0,0,7,0,12,0
vre,0,0,0,51,15,0
ebb,0,0,0,0,45,0
avu,0,0,0,0,3,0
vut,0,0,0,0,4,0
avv,0,0,0,0,34,0
vve,0,0,0,0,25,0
nen,4,567,8,10,11,0
enn,0,264,0,25,57,0
tiz,0,0,0,0,6,0
nut,1,0,0,7,45,0
uta,0,0,3,9,27,0
vvi,0,0,0,0,23,0
vic,9,0,4,12,27,0
,0,0,0,0,26,0
vie,4,108,78,84,11,0
vvo,0,0,0,0,2,0
ols,2,0,0,0,19,0
lse,4,5,0,0,21,0
azz,0,0,0,0,22,0
zzi,5,0,2,0,18,0
miâ,0,0,0,0,3,0
bac,9,4,2,1,12,0
bad,7,1,19,0,4,0
gag,0,0,0,5,1,0
gno,0,0,0,1,370,0
bec,83,11,34,30,32,0
eff,0,0,0,3,1,0
bei,9,124,0,4,2,0
enc,54,0,63,180,5,0
dic,0,88,154,16,91,0
caâ,0,0,0,0,3,0
ce,218,0,35,456,146,0
cev,0,0,0,1,20,0
diz,0,0,0,0,24,0
zaâ,0,0,0,0,2,0
reâ,0,0,0,0,26,0
ern,38,279,15,307,27,0
rne,88,36,15,321,21,0
sab,4,5,46,3,20,0
bea,29,0,0,14,12,0
meâ,0,0,0,0,9,0
elâ,0,0,0,0,1,0
lâ,0,0,0,0,1,0
tuã,0,0,1,11,11,0
evv,0,0,0,0,6,0
sog,0,0,0,0,43,0
ogn,0,0,0,0,88,0
loc,66,5,6,1,11,0
occ,3,0,2,7,85,0
boc,0,4,24,0,18,0
osr,0,0,1,0,1,0
ott,13,184,0,0,93,0
ial,3,0,2,3,9,0
ecc,0,0,0,30,160,0
ruc,0,12,4,18,4,0
uce,0,0,18,3,8,0
buo,0,0,0,0,12,0
uoi,0,0,0,47,190,0
uon,0,0,0,1,16,0
url,0,0,2,0,3,0
rla,2,3,8,36,48,0
uz,4,3,5,4,6,0
cac,0,0,6,11,11,0
ade,70,29,33,4,4,0
cal,82,0,12,0,14,0
lca,3,0,10,5,7,0
cag,0,0,0,0,1,0
lco,0,0,0,0,2,0
ald,0,3,28,0,3,0
lde,52,42,2,0,1,0
ldo,0,0,0,0,1,0
lic,14,93,15,9,23,0
lã²,0,0,0,0,22,0
bio,0,0,8,0,6,0
biã,0,0,105,0,3,0
nee,8,1,1,0,1,0
eeâ,0,0,0,0,1,0
nei,21,59,0,1,23,0
neo,0,0,8,0,11,0
cap,14,0,14,5,116,0
pac,4,0,20,5,14,0
ace,100,0,73,53,31,0
pez,0,0,1,0,5,0
zal,0,0,6,0,1,0
tiâ,0,0,0,0,5,0
anâ,0,0,0,0,2,0
nâ,0,0,0,0,4,0
saâ,0,0,0,0,4,0
seâ,0,0,0,0,5,0
tig,0,42,32,2,6,0
igh,137,0,0,0,12,0
cau,57,0,27,22,25,0
usa,3,14,25,6,29,0
ure,46,86,17,117,30,0
riâ,0,0,0,0,7,0
rna,2,28,17,27,62,0
ced,4,0,34,0,19,0
tod,0,8,313,0,3,0
iec,7,2,1,0,13,0
toq,0,0,1,0,1,0
oqu,1,0,1,7,1,0
inq,2,0,2,9,7,0
nqu,2,0,8,13,57,0
tot,0,12,0,0,8,0
ntu,7,0,4,1,3,0
tup,0,0,0,1,1,0
upl,0,0,0,112,1,0
cep,9,0,6,4,17,0
epp,0,0,0,0,201,0
ppo,7,2,0,29,16,0
spu,0,0,31,1,9,0
pug,0,0,0,0,2,0
ugl,0,0,0,1,11,0
lio,3,0,1,3,169,0
hez,4,3,4,12,8,0
zib,7,6,7,1,7,0
ezr,3,3,3,0,3,0
zro,3,3,0,0,3,0
hia,0,0,0,0,168,0
iaz,0,0,0,0,9,0
ied,70,95,25,12,74,0
ies,46,140,44,14,5,0
iud,0,0,31,0,36,0
ude,5,80,5,11,2,0
unq,0,0,1,0,45,0
scu,0,0,30,1,32,0
ibo,0,0,0,0,7,0
bo,0,0,26,0,16,0
eco,26,0,25,21,63,0
loâ,0,0,0,0,10,0
ioã,0,0,0,0,17,0
oã,0,0,31,133,17,0
cir,12,0,28,17,60,0
onc,32,0,182,45,50,0
cid,0,0,40,5,14,0
cis,12,0,16,11,19,0
sio,24,0,4,20,8,0
cit,29,0,11,21,53,0
coc,0,0,6,0,4,0
hio,1,0,0,1,27,0
cod,0,0,3,0,1,0
ocã,0,0,13,1,11,0
olp,0,0,0,0,34,0
paâ,0,0,0,0,2,0
lpe,1,0,1,1,5,0
lpi,0,0,1,0,19,0
isc,7,52,3,0,68,0
sca,7,0,15,0,35,0
lpo,0,0,0,0,1,0
lpã,0,0,1,0,6,0
lui,0,0,0,283,84,0
ui,0,0,1,582,149,0
com,165,0,257,181,217,0
ttu,0,1,0,2,4,0
omm,33,122,0,307,8,0
nsa,0,3,14,2,15,0
pie,15,0,36,28,61,0
mpu,0,0,0,0,3,0
lia,0,0,20,13,215,0
iab,0,0,5,0,3,0
liã,0,0,32,9,5,0
ncl,0,0,23,6,4,0
clu,1,0,0,0,4,0
lud,0,6,4,0,2,0
lus,1,5,0,60,4,0
uso,0,0,22,0,3,0
ncu,3,0,11,4,5,0
cub,3,0,24,4,5,0
duc,0,0,3,0,7,0
uss,0,8,0,71,14,0
onf,0,0,17,4,6,0
nfi,0,0,1,4,7,0
ong,64,0,16,53,3,0
ged,28,26,2,0,3,0
sce,6,0,33,34,72,0
onq,0,0,0,2,3,0
sac,42,17,86,56,141,0
acr,17,0,21,25,20,0
cra,0,0,0,20,8,0
igl,0,6,3,0,422,0
nso,1,1,9,17,3,0
rlo,3,0,27,0,26,0
uet,0,0,3,14,2,0
tud,5,0,7,9,3,0
emp,8,6,26,27,31,0
inu,1,3,4,4,12,0
uav,0,0,0,0,3,0
nuã,0,0,0,5,2,0
uã²,0,0,0,0,7,0
onv,2,1,8,3,12,0
nvi,3,0,60,4,8,0
nvo,2,0,4,56,12,0
voc,2,0,6,2,34,0
oca,2,0,32,3,15,0
caz,0,0,10,0,2,0
opr,0,0,3,1,57,0
irm,0,0,6,0,7,0
eit,22,124,4,0,1,0
rnu,0,0,0,0,1,0
orp,0,0,1,1,3,0
tec,0,4,30,0,2,0
tui,0,0,2,1,16,0
uit,15,3,21,83,14,0
rui,12,0,3,13,4,0
ruã,0,2,13,0,4,0
cot,4,0,4,6,6,0
esc,8,96,75,34,17,0
toâ,0,0,0,0,26,0
cru,2,0,1,15,3,0
ucc,4,0,4,4,29,0
rud,0,77,2,1,2,0
cui,0,0,0,8,18,0
cul,0,0,11,0,1,0
cuo,0,0,0,0,28,0
uoc,0,0,0,0,18,0
uor,0,0,0,0,37,0
cus,7,0,0,0,2,0
irl,0,0,5,0,4,0
dac,0,17,0,0,2,0
dag,7,0,0,0,7,0
dai,4,0,0,13,18,0
nze,0,31,0,3,2,0
ze,0,36,0,12,7,0
rgl,0,0,0,0,6,0
dec,6,9,71,2,3,0
maâ,0,0,0,0,1,0
def,5,0,3,0,1,0
dei,0,295,1,0,113,0
rio,19,0,15,17,45,0
dog,1,0,0,0,1,0
dif,0,0,6,3,7,0
fen,1,76,2,3,2,0
erl,2,29,10,0,13,0
rle,4,17,12,24,7,0
iff,0,1,0,2,5,0
ffu,0,0,0,0,3,0
nab,0,33,6,1,1,0
dio,1,0,234,0,193,0
ioâ,0,0,0,0,16,0
ige,1,89,1,8,8,0
isg,0,0,1,0,4,0
sgr,2,0,0,2,3,0
sgu,0,0,1,0,2,0
iac,0,0,0,0,200,0
siz,0,0,0,0,4,0
gue,5,6,15,15,29,0
uer,0,78,165,30,18,0
inz,0,13,0,1,3,0
ibu,0,0,4,4,1,0
buã,0,0,0,0,1,0
nir,0,0,7,31,19,0
obb,0,0,0,0,207,0
olc,0,28,0,0,11,0
dop,0,7,0,0,39,0
dov,0,0,0,0,65,0
ov,0,0,0,0,4,0
ovr,0,0,0,0,13,0
due,1,0,3,2,42,0
uec,0,0,2,0,2,0
ece,12,0,41,1,102,0
ueâ,0,0,0,0,5,0
ree,44,0,4,0,3,0
ee,314,1,1,0,3,0
eiâ,0,0,0,0,3,0
tue,0,9,0,12,12,0
ovi,8,6,7,4,23,0
giz,0,0,0,0,63,0
aa,0,1,1,1,1,0
els,49,46,0,4,2,0
elu,0,1,0,28,2,0
igr,0,0,0,3,1,0
noc,3,54,55,4,12,0
och,4,166,37,25,7,0
ruz,0,0,0,0,3,0
saã,0,6,79,81,75,0
aã¹,0,0,0,0,75,0
ã¹,0,0,0,41,171,0
¹,0,0,0,41,171,0
ã¹â,0,0,0,0,3,0
¹â,0,0,0,0,3,0
esb,0,2,0,0,2,0
sba,6,3,0,0,2,0
scl,0,0,0,1,1,0
cla,4,0,38,10,4,0
gui,8,0,23,3,34,0
sub,3,0,50,1,12,0
unu,0,0,4,0,2,0
nuc,0,0,4,0,4,0
uch,41,262,31,61,2,0
veo,0,0,5,0,4,0
fab,0,0,0,0,2,0
cem,0,0,3,6,1,0
fai,9,0,2,149,2,0
iul,0,0,0,0,18,0
noâ,0,0,0,0,11,0
nul,0,0,0,6,15,0
fas,1,1,2,6,1,0
eme,19,10,28,148,34,0
fec,0,0,1,0,91,0
fed,7,0,0,0,3,0
fel,11,58,0,0,6,0
ceâ,0,0,0,0,2,0
roc,4,17,14,26,21,0
tid,2,0,29,0,2,0
fia,0,0,1,0,8,0
fie,54,16,5,19,5,0
fig,4,0,0,0,385,0
liâ,0,0,0,0,3,0
tea,14,0,3,10,1,0
tei,0,57,11,8,8,0
ior,0,0,0,0,117,0
fiu,0,0,0,0,13,0
ium,2,0,0,0,4,0
foc,0,0,0,0,1,0
olg,0,9,2,0,3,0
lgo,0,0,1,0,2,0
daz,0,21,2,0,1,0
rnã,0,1,7,20,15,0
naâ,0,0,0,0,2,0
orz,0,0,2,4,16,0
rza,0,0,9,0,14,0
fos,0,3,0,3,10,0
edd,1,0,0,0,1,0
sch,0,546,0,0,71,0
uga,0,0,49,0,1,0
gã²,0,0,0,0,9,0
fu,0,0,0,0,53,0
fug,0,0,0,1,15,0
ugg,1,0,0,0,16,0
gge,10,5,0,0,47,0
gi,1,1,1,3,63,0
gia,0,0,0,0,249,0
giv,95,0,0,0,3,0
ggã,0,0,0,0,1,0
fui,0,0,1,11,1,0
ful,38,0,0,0,2,0
igg,10,4,0,0,3,0
fum,0,0,0,0,1,0
umm,1,1,1,0,2,0
fuo,0,0,0,0,23,0
oco,0,0,20,0,16,0
gac,0,0,11,0,1,0
aca,0,0,84,6,16,0
gam,0,2,7,0,1,0
geb,0,235,0,0,3,0
seo,0,0,4,0,3,0
gem,0,24,3,3,3,0
mog,0,0,37,0,125,0
get,35,69,0,0,33,0
ghe,2,0,0,0,20,0
cig,0,0,1,0,1,0
aco,189,0,238,205,197,0
cob,189,0,184,194,189,0
beâ,0,0,0,0,5,0
iob,1,0,0,0,3,0
ioc,0,0,0,0,2,0
iog,0,0,0,0,4,0
ogo,0,0,0,0,40,0
ioi,0,0,0,0,1,0
oir,0,0,7,65,1,0
iov,0,0,0,0,34,0
unc,6,0,30,0,4,0
iur,0,0,0,0,27,0
ius,0,0,0,0,168,0
glo,10,0,10,9,6,0
enâ,0,0,0,0,2,0
pol,0,0,6,0,123,0
egg,0,1,0,0,68,0
ge,43,179,0,119,27,0
geâ,0,0,0,0,5,0
upp,4,2,2,10,6,0
ado,0,0,369,0,3,0
rdã,0,0,18,5,7,0
uid,2,0,3,1,5,0
uiz,0,0,10,0,1,0
izz,7,0,2,2,6,0
zzã,0,0,0,0,1,0
ho,48,3,82,3,96,0
iaa,0,0,0,0,3,0
acl,0,0,0,5,2,0
cle,4,0,0,9,1,0
acs,0,0,0,9,1,0
cse,0,0,0,0,1,0
idu,1,1,9,0,3,0
mei,1,339,0,9,3,0
ieg,0,51,3,0,8,0
iem,0,7,18,0,23,0
ieu,0,0,0,266,3,0
ign,33,0,2,115,330,0
maz,0,0,0,0,1,0
mob,0,0,0,0,1,0
ped,20,0,9,0,1,0
peg,0,0,2,0,4,0
pic,2,0,2,5,16,0
pig,0,0,11,0,12,0
utr,0,1,0,32,9,0
ncr,3,0,0,0,2,0
cro,1,0,3,8,5,0
ubo,0,0,20,0,1,0
dug,0,0,0,0,3,0
giã,0,1,10,0,12,0
inf,0,1,0,3,35,0
nfa,0,3,0,103,21,0
nfe,0,0,2,2,3,0
nfl,0,1,0,3,2,0
ngh,0,0,0,0,8,0
iot,18,0,3,5,4,0
ngi,3,5,1,0,45,0
iai,0,0,0,4,8,0
hiã,0,0,1,0,1,0
inn,6,22,0,1,3,0
nol,0,0,0,0,5,0
uil,9,0,8,29,3,0
guã,0,0,6,8,2,0
tag,4,97,1,24,12,0
taz,0,0,0,0,4,0
rog,12,1,5,6,7,0
gai,77,0,0,0,1,0
inv,0,0,1,2,23,0
nva,0,0,0,0,1,0
vec,0,0,13,176,28,0
via,0,0,39,1,46,0
ios,0,0,291,0,7,0
iok,0,0,0,0,2,0
ksa,0,2,2,0,2,0
vib,0,0,0,0,2,0
isb,0,0,0,0,1,0
sea,37,0,31,6,2,0
ear,299,0,6,0,3,0
leâ,0,0,0,0,2,0
ã²p,0,0,0,0,1,0
²po,0,0,0,0,1,0
isv,0,0,0,0,2,0
sva,0,1,0,0,3,0
svi,0,0,0,0,1,0
muã,0,13,1,0,1,0
kea,0,0,0,0,4,0
edm,0,1,1,1,1,0
dma,21,2,0,1,1,0
lac,49,7,7,15,5,0
cai,0,0,1,0,2,0
iã¹,0,0,0,0,88,0
uiv,1,0,0,11,2,0
lap,0,1,0,2,1,0
pid,0,0,5,1,1,0
goâ,0,0,0,0,2,0
sã¹,0,0,0,0,3,0
giâ,0,0,0,0,3,0
lei,0,152,2,8,25,0
leo,0,0,0,0,3,0
ziã,0,0,0,2,1,0
iev,19,0,1,0,12,0
iga,0,2,33,3,6,0
liv,42,0,1,13,2,0
ode,5,32,18,5,4,0
lun,6,1,2,1,18,0
luo,0,0,0,0,37,0
uog,0,0,0,0,39,0
lup,0,0,0,0,1,0
upo,158,0,0,0,1,0
luz,3,0,4,3,3,0
aac,74,1,74,75,1,0
mac,7,87,12,6,11,0
cli,0,0,22,6,6,0
acp,0,0,3,6,6,0
cpe,0,0,3,0,6,0
aes,0,0,0,0,221,0
oso,7,0,153,0,12,0
omo,1,0,162,0,55,0
agh,0,0,0,0,6,0
gie,0,5,3,1,4,0
agr,0,0,13,3,5,0
mai,38,0,0,371,18,0
lch,2,48,1,0,7,0
vag,0,0,0,3,9,0
orl,0,0,0,0,3,0
nic,0,300,3,0,15,0
nif,0,0,4,4,10,0
mee,12,31,1,0,1,0
eet,28,0,1,0,1,0
mem,11,0,9,4,2,0
tr,0,0,0,0,2,0
vig,0,0,1,5,3,0
sag,1,156,1,29,7,0
not,281,2,4,40,42,0
zzo,0,0,0,0,61,0
ogi,0,0,14,0,3,0
mie,2,13,72,52,55,0
iei,0,1,0,7,34,0
mio,0,0,0,0,214,0
ilm,0,0,0,0,2,0
iad,0,0,37,1,5,0
sae,0,1,3,0,1,0
izp,1,0,1,0,1,0
zpa,1,0,1,0,1,0
mod,0,0,3,0,10,0
ieâ,0,0,0,0,1,0
tip,15,5,18,16,10,0
ipl,12,0,13,13,7,0
pli,5,0,19,42,11,0
mom,0,0,0,0,3,0
nil,0,1,3,0,29,0
teâ,0,0,0,0,11,0
muc,17,1,16,0,8,0
muo,0,0,0,0,7,0
oia,0,0,1,0,3,0
uov,0,0,0,0,7,0
mut,0,33,0,0,8,0
aat,0,0,0,0,2,0
orâ,0,0,0,0,1,0
râ,0,0,0,0,2,0
tio,72,0,3,89,1,0
aiã,0,0,0,0,3,0
ã²t,0,0,0,0,4,0
²t,0,0,0,0,4,0
nec,10,104,2,0,1,0
egh,0,0,0,0,3,0
rvo,0,3,93,0,35,0
nip,0,0,6,0,8,0
ipo,0,0,6,0,14,0
oiâ,0,0,0,0,8,0
nom,0,14,82,96,26,0
deâ,0,0,0,0,3,0
lgi,0,0,0,0,1,0
nub,0,0,8,0,6,0
nud,0,0,9,0,1,0
nuo,0,0,0,0,7,0
nuz,0,0,0,0,3,0
oad,6,0,0,0,2,0
bbl,2,0,0,0,1,0
hiâ,0,0,0,0,2,0
cup,12,0,2,5,1,0
od,285,3,0,0,1,0
off,38,7,0,10,15,0
ril,2,0,23,2,6,0
frã,0,26,0,156,3,0
usc,0,14,6,1,78,0
ogg,0,0,0,0,45,0
gni,1,14,4,15,67,0
gnu,0,0,0,0,2,0
epa,20,0,11,0,16,0
ool,4,0,0,0,7,0
rzo,0,2,0,0,8,0
cif,0,0,0,0,1,0
pae,0,0,0,0,220,0
alp,0,0,4,0,3,0
eac,24,1,0,0,1,0
rlã,0,5,0,20,15,0
asq,0,0,3,0,5,0
squ,0,0,3,79,5,0
pec,10,1,14,1,19,0
nsã,0,3,0,6,4,0
irs,55,7,1,2,4,0
nue,2,0,86,7,2,0
uot,0,0,0,0,14,0
erf,3,25,0,0,2,0
gol,9,10,2,0,5,0
ans,90,29,5,419,13,0
iom,0,0,0,0,3,0
iop,0,0,0,0,1,0
piã,0,0,6,3,81,0
poc,0,0,20,0,7,0
pog,0,0,0,0,4,0
oic,21,0,0,121,5,0
olv,0,0,64,0,4,0
lve,38,0,23,0,7,0
doc,0,35,6,0,1,0
ozz,0,0,0,0,24,0
zoâ,0,0,0,0,1,0
puz,0,0,0,0,1,0
scr,2,0,1,0,6,0
cri,31,0,42,44,25,0
igi,0,0,8,0,23,0
oge,14,38,17,7,39,0
cip,0,0,26,3,7,0
ocr,0,0,0,0,2,0
ocu,7,0,6,0,6,0
ofo,4,0,0,2,4,0
ofu,0,0,2,0,1,0
oib,0,0,0,0,2,0
rop,2,2,20,7,41,0
osp,7,0,9,8,2,0
niv,0,0,0,0,10,0
ovv,0,0,0,0,10,0
ved,67,0,6,0,59,0
edu,0,0,0,0,5,0
ulv,0,0,0,0,1,0
lvi,0,0,37,0,1,0
uag,0,0,0,0,4,0
lvo,0,1,6,0,3,0
ueg,0,0,44,0,22,0
uei,0,0,0,11,1,0
uin,0,0,5,3,9,0
uiâ,0,0,0,0,1,0
gaz,0,0,0,0,11,0
zze,0,0,0,0,6,0
ecl,3,0,24,0,3,0
bã²,0,0,0,0,2,0
epl,0,2,0,0,1,0
nob,0,0,0,0,6,0
usã,0,0,2,11,1,0
rip,2,0,0,0,31,0
ipr,0,0,0,0,20,0
civ,0,0,0,0,6,0
edr,0,2,22,0,11,0
lge,0,6,0,0,1,0
obu,0,0,2,0,3,0
oto,0,0,2,0,5,0
uba,0,0,2,0,6,0
ubã,0,0,30,0,1,0
ruo,0,0,0,0,3,0
saa,74,73,74,74,1,0
heg,1,3,1,1,2,0
vaâ,0,0,0,0,1,0
vez,0,0,17,38,4,0
lvã,0,0,6,0,2,0
voâ,0,0,0,0,5,0
ofa,0,0,3,1,1,0
fag,0,0,0,0,1,0
sbr,0,3,0,0,4,0
ceg,0,0,2,0,2,0
erz,0,84,3,0,11,0
tã¹,0,0,0,0,4,0
sdr,0,0,0,0,1,0
eic,0,51,0,0,2,0
irâ,0,0,0,0,1,0
sel,70,96,13,44,15,0
laâ,0,0,0,0,3,0
elc,0,15,1,0,1,0
elv,26,1,4,0,7,0
nz,0,27,0,0,2,0
lcr,0,0,3,12,10,0
lii,0,0,0,0,1,0
ii,0,0,0,0,3,0
rpe,6,0,5,7,9,0
sfi,1,0,0,0,2,0
sfo,0,0,2,0,1,0
fod,0,0,0,0,1,0
sfu,0,0,0,0,1,0
sib,0,1,0,8,1,0
icl,0,0,1,4,6,0
clo,10,0,1,0,1,0
ã²n,0,0,0,0,1,0
²ne,0,0,0,0,1,0
sii,0,0,0,0,2,0
sla,10,1,1,1,1,0
slo,2,0,10,0,1,0
smo,11,0,28,0,1,0
sob,0,3,182,0,3,0
sof,0,0,0,0,6,0
old,201,9,0,0,1,0
viv,1,0,27,27,33,0
orv,0,0,1,3,5,0
eoâ,0,0,0,0,1,0
sov,5,6,0,0,2,0
lmã,0,6,0,0,1,0
paz,0,0,10,0,3,0
tai,36,0,0,304,3,0
irp,0,0,1,0,3,0
top,6,4,0,0,1,0
uac,0,0,0,0,1,0
ubl,6,0,0,10,1,0
suc,19,17,21,4,6,0
sug,0,0,0,0,10,0
sui,0,0,1,77,15,0
suo,0,0,0,0,288,0
uo,0,0,2,0,292,0
uol,0,0,0,0,9,0
ppl,1,0,0,10,3,0
daâ,0,0,0,0,1,0
toc,0,67,8,0,4,0
baâ,0,0,0,0,1,0
lci,0,0,0,0,2,0
anq,0,0,5,5,2,0
ibã,0,0,1,0,4,0
bã¹,0,0,0,0,4,0
tuo,0,0,2,1,201,0
urb,0,0,4,1,1,0
tt,0,183,0,0,2,0
uff,6,2,0,5,1,0
uom,0,0,0,0,89,0
scã,0,0,3,0,14,0
usu,0,0,0,0,1,0
vad,0,0,26,0,1,0
vai,9,0,2,189,1,0
igo,2,0,86,3,1,0
vio,1,0,0,7,6,0
iol,1,0,0,2,6,0
vip,0,0,0,1,1,0
ivr,0,0,0,39,2,0
voi,19,0,0,212,90,0
vot,0,0,2,47,2,0
vuo,0,0,0,0,16,0
aab,0,0,1,0,1,0
zaf,0,0,0,0,1,0
afn,0,0,0,0,1,0
icr,0,0,0,1,1,0
zif,0,0,0,0,1,0
zip,3,3,1,0,2,0
ipp,8,4,0,0,2,0
zoc,0,0,0,0,2,0
zop,0,0,0,0,1,0
rã³,0,0,191,0,0,0
ã³n,0,0,487,0,0,0
³n,0,0,477,0,0,0
elm,0,0,1,0,0,0
lmi,7,0,1,1,0,0
aph,12,11,4,8,0,0
ph,161,118,1,166,0,0
bie,0,4,66,36,0,0
big,0,0,2,3,0,0
iãº,0,0,1,0,0,0
ãº,0,0,140,0,0,0
º,0,0,140,0,0,0
abl,8,0,88,38,0,0
iã³,0,0,584,0,0,0
,0,0,19,0,0,0
ã³,0,0,954,0,0,0
³,0,0,954,0,0,0
ezc,0,0,8,0,0,0
zca,0,0,7,0,0,0
zã³,0,0,50,0,0,0
ã³l,0,0,85,0,0,0
³le,0,0,29,0,0,0
³lo,0,0,39,0,0,0
vab,0,0,3,0,0,0
vã³,0,0,16,0,0,0
abs,1,4,1,0,0,0
bsu,0,0,1,0,0,0
bue,0,0,11,0,0,0
bun,4,23,2,0,0,0
cab,0,0,82,1,0,0
abã,0,0,234,3,0,0
bã³,0,0,7,0,0,0
cae,0,0,10,0,0,0
aec,0,0,7,0,0,0
pã³,0,0,8,0,0,0
cei,24,0,2,3,0,0
tã³,0,0,97,0,0,0
cao,0,0,1,0,0,0
aos,0,34,12,0,0,0
cã³,0,0,52,0,0,0
chb,2,4,2,0,0,0
hbo,6,2,2,0,0,0
tez,0,0,4,26,0,0
dã³,0,0,50,0,0,0
ã³s,0,0,85,0,0,0
³se,0,0,81,0,0,0
cuã,0,0,14,0,0,0
zad,0,0,3,0,0,0
adq,0,0,4,0,0,0
dqu,0,0,4,0,0,0
³nd,0,0,7,0,0,0
lad,18,3,49,3,0,0
afl,0,0,10,0,0,0
gid,0,0,8,0,0,0
afu,0,0,1,0,0,0
fue,0,0,121,0,0,0
agu,3,1,58,0,0,0
huz,1,0,2,1,0,0
ais,5,0,2,374,0,0
uen,1,10,38,3,0,0
nzã,0,0,5,0,0,0
jad,0,0,13,0,0,0
lgu,0,0,15,0,0,0
lgã,0,0,5,0,0,0
gãº,0,0,12,0,0,0
ãºn,0,0,30,0,0,0
ºn,0,0,30,0,0,0
alh,0,0,2,3,0,0
alj,0,0,1,0,0,0
alq,0,0,9,0,0,0
lqu,0,0,9,7,0,0
alr,1,0,4,0,0,0
lre,1,0,4,0,0,0
³la,0,0,17,0,0,0
lã³,0,0,59,0,0,0
mab,0,0,12,0,0,0
gas,0,0,24,0,0,0
rrh,2,2,4,2,0,0
mã³,0,0,123,0,0,0
duv,0,0,4,0,0,0
uvi,0,1,14,8,0,0
tiã,0,0,16,4,0,0
anl,0,0,5,0,0,0
nle,8,6,22,1,0,0
nlo,0,1,18,0,0,0
eay,0,0,1,0,0,0
aye,16,0,11,6,0,0
gã³,0,0,26,0,0,0
apl,0,0,1,0,0,0
laq,0,0,1,6,0,0
pod,0,0,34,0,0,0
poy,0,0,1,0,0,0
oya,1,0,1,27,0,0
yad,0,0,2,0,0,0
nã³,0,0,29,0,0,0
quã,0,0,205,3,0,0
rd,147,208,1,34,0,0
arq,0,0,2,10,0,0
rqu,0,0,152,52,0,0
boz,1,1,1,0,0,0
ozã,0,0,1,0,0,0
jã³,0,0,22,0,0,0
roy,7,0,4,1,0,0
oyo,0,0,4,3,0,0
yo,0,0,233,0,0,0
yos,0,0,5,0,0,0
sad,3,0,24,0,0,0
aet,0,2,2,0,0,0
teã,0,0,2,0,0,0
sno,1,0,18,0,0,0
cto,0,0,9,0,0,0
lay,23,0,1,0,0,0
taã,0,0,2,0,0,0
aãº,0,0,96,0,0,0
ãºd,0,0,1,0,0,0
ºd,0,0,1,0,0,0
³ni,0,0,1,0,0,0
ay,347,0,24,0,0,0
ayu,0,0,2,0,0,0
yud,0,0,2,0,0,0
zep,4,5,4,0,0,0
eph,204,170,35,174,0,0
phã,0,0,4,8,0,0
hã³,0,0,20,0,0,0
cut,7,0,2,4,0,0
beb,0,1,34,0,0,0
ebi,0,6,7,2,0,0
hãª,0,0,62,1,0,0
ãªr,0,0,1,0,0,0
ªr,0,0,1,0,0,0
idm,0,0,1,0,0,0
dme,8,0,10,0,0,0
sã³,0,0,33,0,0,0
thl,0,2,1,2,0,0
tãº,0,0,68,0,0,0
lhã,0,0,1,0,0,0
bla,13,7,66,20,0,0
lal,0,0,1,0,0,0
uey,0,0,1,0,0,0
ey,367,0,27,0,0,0
baã,0,0,4,3,0,0
bez,0,1,19,0,0,0
cho,6,12,93,23,0,0
ae,0,0,1,0,0,0
aer,0,0,12,0,0,0
aig,0,0,2,14,0,0
eã³,0,0,24,0,0,0
caã,0,0,4,0,0,0
eos,0,0,23,0,0,0
naã,0,0,41,10,0,0
cay,0,0,2,0,0,0
ayã,0,0,4,7,0,0
yã³,0,0,24,0,0,0
ceb,0,0,4,0,0,0
ceã,0,0,1,0,0,0
cue,0,0,21,11,0,0
coa,8,0,4,0,0,0
oat,30,0,4,0,0,0
edl,0,7,3,0,0,0
dlo,0,0,7,0,0,0
adl,0,0,7,0,0,0
eis,3,73,38,0,0,0
coh,0,0,1,0,0,0
coj,0,0,2,0,0,0
jea,0,0,1,0,0,0
eab,2,0,3,0,0,0
miã,0,1,12,4,0,0
duj,0,0,2,0,0,0
nju,0,0,7,0,0,0
jur,0,0,19,17,0,0
onm,0,0,27,0,0,0
nmi,0,0,26,0,0,0
nmo,0,0,3,0,0,0
noz,0,0,4,0,0,0
ozc,0,0,4,0,0,0
zco,0,0,3,0,0,0
nst,42,24,2,2,0,0
did,83,0,16,0,0,0
nyu,0,0,1,0,0,0
yug,0,0,2,0,0,0
opa,0,0,27,0,0,0
rey,3,0,29,0,0,0
eye,41,0,9,0,0,0
eyã,0,0,1,0,0,0
reã,0,0,4,2,0,0
crã,0,0,2,0,0,0
cti,9,0,5,32,0,0
uie,1,0,34,2,0,0
ubr,0,0,16,0,0,0
cuc,0,0,12,0,0,0
uev,0,0,12,0,0,0
ulp,0,0,3,1,0,0
pab,0,0,1,6,0,0
ump,2,0,9,0,0,0
plã,0,2,2,2,0,0
cuy,0,0,10,0,0,0
uya,0,0,11,5,0,0
ya,0,0,42,18,0,0
yas,0,0,4,0,0,0
uyo,0,0,17,1,0,0
ã³g,0,0,2,0,0,0
³ge,0,0,2,0,0,0
ã³m,0,0,29,0,0,0
³mo,0,0,19,0,0,0
³mp,0,0,1,0,0,0
adn,1,0,1,0,0,0
dno,0,0,1,0,0,0
dao,0,0,3,0,0,0
daã,0,411,1,0,0,0
dle,9,12,3,0,0,0
clã,0,0,3,0,0,0
gã¼,0,10,2,0,0,0
ã¼e,0,0,2,0,0,0
¼el,0,0,2,0,0,0
enl,0,67,4,1,0,0
nla,0,65,4,0,0,0
³si,0,0,2,0,0,0
coy,0,0,1,0,0,0
oyu,0,0,1,0,0,0
yun,0,0,1,0,0,0
sde,0,0,24,0,0,0
esf,0,0,4,0,0,0
sfa,0,0,3,0,0,0
esg,0,6,1,0,0,0
sga,0,0,2,0,0,0
gaj,0,0,1,0,0,0
hiz,0,0,55,0,0,0
onr,0,0,6,0,0,0
nra,0,0,5,0,0,0
nrã,0,2,1,0,0,0
esm,1,2,1,0,0,0
may,79,0,22,0,0,0
snu,0,0,2,0,0,0
poj,0,0,4,0,0,0
ojo,15,0,57,0,0,0
³sa,0,0,1,0,0,0
nid,0,0,37,0,0,0
tuv,0,0,25,0,0,0
evu,0,0,1,1,0,0
vue,0,0,130,2,0,0
iez,0,0,22,12,0,0
ezm,0,0,1,0,0,0
zmo,0,0,1,0,0,0
smi,18,0,4,0,0,0
³me,0,0,5,0,0,0
doy,0,0,1,0,0,0
oy,2,0,79,0,0,0
duq,0,0,42,6,0,0
uqu,0,0,42,10,0,0
urm,10,2,19,2,0,0
gip,0,0,252,0,0,0
ipc,0,0,68,0,0,0
pci,0,0,68,0,0,0
jec,0,0,2,0,0,0
lip,9,8,6,7,0,0
iph,12,13,13,12,0,0
pha,212,193,15,213,0,0
elz,1,1,1,0,0,0
zap,2,1,4,0,0,0
caj,0,0,2,0,0,0
ulz,0,0,1,0,0,0
enf,0,0,4,123,0,0
nfr,0,3,2,0,0,0
gaã,0,1,6,0,0,0
jut,0,0,2,0,0,0
nlu,0,0,2,0,0,0
enm,0,1,1,0,0,0
nmu,0,0,1,0,0,0
mud,0,0,9,0,0,0
seã,0,0,94,1,0,0
raã,0,5,220,145,0,0
zcã,0,0,1,0,0,0
viã,0,0,86,2,0,0
nvu,0,0,1,0,0,0
nvã,0,1,7,0,0,0
phe,16,10,8,2,0,0
phr,28,27,19,28,0,0
hrã,0,0,4,0,0,0
prh,0,0,1,0,0,0
rzã,0,8,2,0,0,0
hbã,0,0,1,0,0,0
tao,0,0,4,0,0,0
toy,0,0,8,0,0,0
mec,0,0,4,0,0,0
uvo,0,7,16,10,0,0
ãºv,0,0,3,0,0,0
ºvo,0,0,3,0,0,0
uco,0,0,4,5,0,0
exa,2,0,1,6,0,0
xac,0,0,1,5,0,0
act,0,0,5,6,0,0
exc,16,0,3,3,0,0
xce,14,0,2,3,0,0
xcl,0,0,1,0,0,0
exh,0,0,3,0,0,0
xha,0,0,3,0,0,0
exp,1,0,3,7,0,0
xpe,1,0,1,0,0,0
xpr,0,0,2,2,0,0
ext,1,0,47,6,0,0
xte,1,0,20,2,0,0
xti,0,0,10,0,0,0
xtr,0,0,13,4,0,0
anj,0,0,6,0,0,0
ezb,1,1,1,0,0,0
zbã,0,0,1,0,0,0
lso,55,120,1,0,0,0
aã³,0,0,203,0,0,0
fea,28,0,6,0,0,0
teo,5,0,6,0,0,0
flu,0,6,2,0,0,0
luy,0,0,2,0,0,0
uye,0,0,2,0,0,0
uct,0,0,4,9,0,0
ctã,0,0,2,0,0,0
uim,0,0,2,0,0,0
fuã,0,5,85,0,0,0
³m,0,0,1,0,0,0
gob,0,0,5,0,0,0
goo,33,0,1,0,0,0
oos,4,0,1,0,0,0
got,6,180,12,0,0,0
uia,0,0,2,0,0,0
uiã,0,0,24,4,0,0
blã,0,2,32,30,0,0
hac,0,2,70,20,0,0
hag,2,17,15,2,0,0
asm,3,7,1,6,0,0
sme,6,0,3,0,0,0
hay,0,0,34,0,0,0
aya,0,0,24,3,0,0
azm,0,0,3,0,0,0
zme,0,0,3,0,0,0
hec,17,1,31,0,0,0
mdã,0,0,1,0,0,0
zrã,0,0,3,0,0,0
hic,138,12,44,0,0,0
oju,0,0,1,0,0,0
jue,0,0,3,0,0,0
hoy,0,0,25,0,0,0
hub,0,0,42,0,0,0
sud,0,0,1,0,0,0
hui,0,0,3,23,0,0
mea,5,0,2,27,0,0
huy,0,0,6,0,0,0
yam,0,0,1,0,0,0
uyã,0,0,5,0,0,0
huã,0,0,9,0,0,0
hãº,0,0,2,0,0,0
ãºy,0,0,1,0,0,0
ºye,0,0,1,0,0,0
id,581,41,25,2,0,0
dea,34,0,2,4,0,0
uos,0,0,1,0,0,0
niq,1,0,1,9,0,0
iqu,1,0,13,33,0,0
inm,0,1,3,0,0,0
nme,0,0,1,0,0,0
ujo,0,0,1,23,0,0
dãº,0,0,1,0,0,0
ãºj,0,0,1,0,0,0
ºjo,0,0,1,0,0,0
isl,0,0,2,1,0,0
izh,2,2,2,0,0,0
zha,2,2,2,0,0,0
izq,0,0,1,0,0,0
zqu,0,0,1,0,0,0
jaa,0,0,3,0,0,0
oc,0,0,1,3,0,0
jac,191,2,186,194,0,0
ahz,1,1,1,0,0,0
hze,1,3,1,0,0,0
zee,1,1,1,0,0,0
jez,1,1,6,0,0,0
eãº,0,0,3,0,0,0
ãºs,0,0,16,0,0,0
ºs,0,0,3,0,0,0
joc,1,2,1,0,0,0
ãªb,0,0,1,0,0,0
ªbe,0,0,1,0,0,0
ain,160,0,2,319,0,0
suã,0,0,4,0,0,0
uez,0,0,2,1,0,0
jui,0,0,3,0,0,0
uic,1,0,3,2,0,0
juz,0,0,11,0,0,0
uzg,0,0,11,0,0,0
zgo,0,0,1,0,0,0
zgu,0,0,3,0,0,0
zgã,0,0,1,0,0,0
jãº,0,0,2,0,0,0
ãºr,0,0,2,0,0,0
ºra,0,0,2,0,0,0
eud,0,1,8,0,0,0
ley,4,0,7,0,0,0
ibr,0,0,16,0,0,0
iao,0,0,1,0,0,0
naj,0,0,7,0,0,0
gao,0,0,1,0,0,0
uem,0,0,7,0,0,0
luv,0,0,2,0,0,0
lob,0,4,1,0,0,0
lom,0,0,5,1,0,0
loo,46,0,1,0,0,0
oor,6,0,1,0,0,0
lue,0,0,8,2,0,0
ldi,1,1,6,0,0,0
ayo,0,0,21,0,0,0
yor,0,0,21,0,0,0
maã,0,5,38,18,0,0
iod,0,0,2,0,0,0
zcl,0,0,1,0,0,0
ibz,1,1,1,0,0,0
bza,1,1,1,0,0,0
osl,0,0,7,0,0,0
sle,11,2,5,0,0,0
moz,0,0,24,0,0,0
oza,0,0,10,0,0,0
ozo,0,0,35,0,0,0
ueb,0,0,154,0,0,0
ebl,2,2,154,0,0,0
muj,0,0,93,0,0,0
uje,0,0,93,9,0,0
ud,8,4,10,0,0,0
usl,4,4,7,0,0,0
muy,0,0,17,0,0,0
uy,12,0,17,0,0,0
aas,0,0,1,0,0,0
aio,3,0,3,0,0,0
nap,6,6,1,1,0,0
phi,16,14,8,13,0,0
goc,0,0,13,0,0,0
pht,5,5,5,5,0,0
niã,0,0,34,4,0,0
nod,0,1,1,0,0,0
fiq,0,0,7,6,0,0
nov,0,0,1,0,0,0
nãº,0,0,4,0,0,0
ãºm,0,0,4,0,0,0
ºme,0,0,4,0,0,0
obr,0,0,185,2,0,0
obs,5,25,1,2,0,0
bse,6,0,1,0,0,0
obt,1,2,1,0,0,0
bte,0,15,1,0,0,0
oid,0,0,1,4,0,0
oig,0,0,2,6,0,0
omn,0,0,6,0,0,0
mni,0,0,7,0,0,0
ees,13,0,2,0,0,0
osb,0,0,1,0,0,0
sbc,0,0,1,0,0,0
bcu,0,0,1,0,0,0
oye,4,0,9,10,0,0
oyã,0,0,16,22,0,0
paa,0,0,1,0,0,0
peq,0,0,6,0,0,0
ueã,0,0,35,0,0,0
peã,0,0,2,0,0,0
lãº,0,0,1,0,0,0
zeo,0,0,3,0,0,0
pho,5,5,6,7,0,0
phu,0,1,2,0,0,0
ãºa,0,0,3,0,0,0
ºa,0,0,3,0,0,0
pih,2,2,2,0,0,0
iha,2,2,2,2,0,0
ioj,0,0,5,0,0,0
ugo,0,0,2,0,0,0
pob,0,0,1,0,0,0
onl,19,0,36,0,0,0
orf,0,0,1,0,0,0
fiã,0,0,1,4,0,0
orq,0,0,150,0,0,0
yec,0,0,1,0,0,0
cta,0,0,1,0,0,0
ã³j,0,0,8,0,0,0
³ji,0,0,8,0,0,0
pud,0,0,8,0,0,0
udr,0,0,2,3,0,0
pue,0,0,268,0,0,0
ued,6,0,34,0,0,0
³ng,0,0,2,0,0,0
pãº,0,0,13,0,0,0
ºse,0,0,1,0,0,0
ºso,0,0,12,0,0,0
uej,0,0,1,0,0,0
ãªl,0,0,42,18,0,0
ªl,0,0,42,0,0,0
sgã,0,0,2,0,0,0
ray,45,0,3,11,0,0
yab,0,0,1,0,0,0
rdu,0,0,1,1,0,0
duo,0,0,1,0,0,0
ã³t,0,0,1,0,0,0
³te,0,0,1,0,0,0
riq,0,0,1,7,0,0
rv,0,0,74,0,0,0
bem,0,0,2,0,0,0
ldr,131,0,14,0,0,0
ifã,0,0,3,0,0,0
saq,0,0,8,0,0,0
uea,0,0,1,0,0,0
rpu,0,0,3,0,0,0
isf,1,0,1,0,0,0
ãºl,0,0,4,0,0,0
ºl,0,0,4,0,0,0
eam,49,0,4,0,0,0
seb,0,16,7,0,0,0
ecr,1,0,1,2,0,0
ltu,0,2,8,0,0,0
sex,0,0,4,0,0,0
xto,0,0,4,0,0,0
ãªm,0,0,18,32,0,0
ªm,0,0,18,0,0,0
uio,0,0,1,0,0,0
meã,0,0,13,0,0,0
irv,0,0,15,0,0,0
opl,120,0,2,0,0,0
soy,0,0,41,5,0,0
soã,0,0,12,0,0,0
sus,1,0,274,28,0,0
usp,0,1,1,0,0,0
suy,0,0,11,0,0,0
sãº,0,0,2,0,0,0
ieb,0,110,3,0,0,0
mao,0,0,2,0,0,0
aed,0,0,2,0,0,0
raf,1,6,1,3,0,0
tuy,0,0,6,0,0,0
³ma,0,0,3,0,0,0
vay,0,0,9,0,0,0
yan,0,0,3,5,0,0
vea,1,0,3,1,0,0
vei,3,0,7,8,0,0
tiu,0,0,1,0,0,0
iaj,0,0,2,0,0,0
vim,0,0,3,0,0,0
viu,0,0,3,0,0,0
³so,0,0,1,0,0,0
voy,0,0,4,55,0,0
voz,0,0,24,0,0,0
oz,0,0,24,0,0,0
vuã,0,0,4,0,0,0
yac,0,0,1,0,0,0
phn,0,0,1,1,0,0
hna,0,0,1,1,0,0
arz,0,8,6,0,0,0
zol,0,0,6,0,0,0
ã³r,0,0,1,0,0,0
³rd,0,0,1,0,0,0
euv,0,0,0,53,0,0
rs,221,125,0,446,0,0
ns,240,234,0,790,0,0
uvã,0,0,0,20,0,0
aie,0,0,0,130,0,0
cou,35,0,0,124,0,0
ouc,9,0,0,51,0,0
our,268,0,0,630,0,0
ru,0,0,0,6,0,0
eil,3,57,0,54,0,0
adv,7,0,0,1,0,0
dvi,0,1,0,1,0,0
aib,0,0,0,1,0,0
ict,10,0,0,22,0,0
nou,12,0,0,257,0,0
oui,0,0,0,20,0,0
eau,1,0,0,187,0,0
aux,0,0,0,177,0,0
ux,0,0,0,422,0,0
x,9,0,0,476,0,0
aid,507,0,0,8,0,0
air,8,0,0,67,0,0
jou,33,0,0,152,0,0
out,225,0,0,255,0,0
akh,0,0,0,28,0,0
kh,0,0,0,9,0,0
khu,0,0,0,1,0,0
sez,0,0,0,12,0,0
nez,0,0,0,37,0,0
cãª,0,0,0,1,0,0
ãªt,0,0,0,113,0,0
ªtr,0,0,0,12,0,0
nnã,0,1,0,68,0,0
pai,0,0,0,63,0,0
,0,0,0,66,0,0
rãª,0,0,0,30,0,0
ªta,0,0,0,2,0,0
ªte,0,0,0,93,0,0
rc,0,0,0,3,0,0
deu,0,16,0,55,0,0
eur,0,81,0,597,0,0
ªtã,0,0,0,2,0,0
ct,3,0,0,1,0,0
eds,8,2,0,10,0,0
ds,109,9,0,48,0,0
sou,30,0,0,37,0,0
ouv,0,0,0,121,0,0
suj,0,0,0,9,0,0
ssy,1,1,0,1,0,0
eig,25,57,0,79,0,0
nts,91,1,0,89,0,0
du,0,257,0,324,0,0
auc,0,94,0,20,0,0
ucu,0,0,0,9,0,0
uge,0,52,0,17,0,0
auj,0,0,0,20,0,0
aup,0,25,0,39,0,0
upr,2,0,0,34,0,0
auq,0,0,0,1,0,0
tou,5,0,0,353,0,0
uxq,0,0,0,1,0,0
xqu,0,0,0,1,0,0
ls,72,103,0,568,0,0
eug,0,14,0,1,0,0
gle,3,17,0,2,0,0
bau,0,9,0,6,0,0
oup,0,0,0,76,0,0
hlã,0,2,0,2,0,0
bic,0,0,0,1,0,0
enh,0,1,0,1,0,0
nhe,4,5,0,2,0,0
nth,27,4,0,1,0,0
ncs,0,0,0,4,0,0
cs,0,0,0,18,0,0
boe,0,0,0,1,0,0
oeu,0,0,0,59,0,0
euf,0,2,0,1,0,0
ufs,0,10,0,1,0,0
fs,12,5,0,18,0,0
boi,9,0,0,25,0,0
oiv,0,0,0,2,0,0
onh,0,0,0,1,0,0
bou,40,0,0,30,0,0
ucs,0,0,0,4,0,0
ouq,0,0,0,1,0,0
geo,3,0,0,1,0,0
eux,0,0,0,237,0,0
bu,0,0,0,1,0,0
bui,4,0,0,5,0,0
bys,0,0,0,1,0,0
yss,1,0,0,1,0,0
bãª,0,0,0,23,0,0
mp,7,0,0,25,0,0
tiq,0,0,0,7,0,0
if,52,5,0,1,0,0
quo,0,0,0,47,0,0
cec,0,0,0,13,0,0
ceu,0,0,0,23,0,0
mps,0,0,0,40,0,0
ps,6,0,0,41,0,0
gea,1,1,0,20,0,0
gez,0,17,0,3,0,0
ppã,0,0,0,4,0,0
haq,0,0,0,6,0,0
hau,4,135,0,9,0,0
evr,0,0,0,5,0,0
hoe,2,0,0,1,0,0
ãªn,0,0,0,1,0,0
ªne,0,0,0,1,0,0
nq,0,0,0,5,0,0
coe,0,0,0,32,0,0
mpt,8,0,0,2,0,0
dui,0,0,0,13,0,0
nu,0,0,0,49,0,0
ou,373,0,0,24,0,0
oud,8,0,0,2,0,0
oul,84,0,0,11,0,0
rts,3,8,0,10,0,0
uvr,0,0,0,29,0,0
oie,0,0,0,23,0,0
roã,0,40,0,3,0,0
by,109,0,0,72,0,0
deh,0,0,0,7,0,0
pui,0,0,0,68,0,0
esq,0,0,0,5,0,0
eui,0,0,0,7,0,0
inr,0,0,0,30,0,0
nre,0,1,0,30,0,0
ffã,0,1,0,1,0,0
dix,0,0,0,19,0,0
ix,6,0,0,54,0,0
ixi,0,0,0,2,0,0
xiã,0,0,0,2,0,0
gt,0,130,0,12,0,0
dou,6,0,0,12,0,0
oub,7,0,0,8,0,0
ouz,0,0,0,6,0,0
uze,0,0,0,6,0,0
egy,244,0,0,2,0,0
gyp,244,239,0,239,0,0
ypt,244,239,0,239,0,0
boã,0,0,0,4,0,0
urc,3,41,0,21,0,0
nfu,0,3,0,13,0,0
fuy,0,0,0,6,0,0
yai,0,0,0,7,0,0
ngl,6,4,0,3,0,0
lou,8,0,0,9,0,0
enq,0,0,0,2,0,0
cez,0,0,0,1,0,0
mãª,0,0,0,30,0,0
ªlã,0,0,0,1,0,0
pou,5,0,0,357,0,0
xal,2,0,0,1,0,0
exe,1,0,0,1,0,0
xer,0,0,0,1,0,0
xpi,0,0,0,4,0,0
xpl,0,0,0,1,0,0
ªme,0,0,0,32,0,0
fau,2,0,0,4,0,0
nãª,0,0,0,6,0,0
feu,0,12,0,10,0,0
ils,5,2,0,563,0,0
fix,0,0,0,1,0,0
ixe,1,0,0,1,0,0
xe,0,0,0,1,0,0
flã,0,1,0,2,0,0
fou,63,0,0,13,0,0
yeu,0,0,0,64,0,0
yon,3,0,0,4,0,0
fãª,0,0,0,5,0,0
gak,0,0,0,1,0,0
kha,0,0,0,11,0,0
lhe,0,0,0,3,0,0
gau,0,0,0,6,0,0
oux,0,0,0,9,0,0
gib,0,14,0,8,0,0
aiv,0,0,0,1,0,0
gou,0,0,0,7,0,0
neu,0,1,0,75,0,0
goã,0,4,0,1,0,0
ªle,0,0,0,17,0,0
ggu,0,0,0,1,0,0
haã,0,1,0,11,0,0
yso,0,0,0,1,0,0
voq,0,0,0,2,0,0
hla,0,44,0,3,0,0
khl,0,0,0,2,0,0
shv,2,0,0,2,0,0
hva,1,0,0,1,0,0
seh,22,88,0,2,0,0
oug,131,0,0,6,0,0
usq,0,0,0,47,0,0
qu,0,0,0,292,0,0
kez,0,0,0,1,0,0
khi,0,0,0,1,0,0
eã¼,0,0,0,2,0,0
ã¼m,0,4,0,2,0,0
¼mm,0,2,0,1,0,0
ats,17,6,0,2,0,0
oin,17,0,0,60,0,0
ngt,9,15,0,12,0,0
loq,1,0,0,1,0,0
rsq,0,0,0,23,0,0
oua,0,0,0,2,0,0
oue,0,0,0,3,0,0
ouã,0,0,0,2,0,0
lux,0,0,0,1,0,0
uxã,0,0,0,1,0,0
xã,0,0,0,1,0,0
cpã,0,0,0,6,0,0
gic,9,0,0,1,0,0
eai,0,0,0,5,0,0
srã,0,0,0,1,0,0
mau,0,3,0,13,0,0
auv,0,0,0,16,0,0
ehã,0,18,0,1,0,0
eub,16,0,0,1,0,0
eul,0,0,0,34,0,0
ibt,0,6,0,1,0,0
bts,0,0,0,1,0,0
nag,0,0,0,1,0,0
cea,6,0,0,8,0,0
moq,0,0,0,4,0,0
moã,0,0,0,125,0,0
myr,2,2,0,3,0,0
yrr,2,2,0,2,0,0
kho,0,0,0,8,0,0
khs,0,0,0,1,0,0
hth,0,5,0,5,0,0
nib,0,0,0,1,0,0
mmã,0,0,0,5,0,0
oms,3,2,0,11,0,0
ms,18,36,0,11,0,0
uai,1,0,0,2,0,0
nuq,0,0,0,2,0,0
bsc,0,2,0,1,0,0
bst,3,49,0,1,0,0
oei,0,0,0,2,0,0
onz,0,1,0,2,0,0
oã¹,0,0,0,41,0,0
hnã,0,0,0,1,0,0
aix,0,0,0,8,0,0
rcs,0,0,0,1,0,0
seu,0,2,0,36,0,0
pay,0,0,0,226,0,0
ays,49,0,0,226,0,0
ys,50,0,0,226,0,0
pea,57,0,0,50,0,0
pei,0,18,0,2,0,0
peu,0,0,0,151,0,0
eup,0,0,0,110,0,0
loy,0,0,0,1,0,0
ids,31,0,0,3,0,0
oil,16,0,0,9,0,0
oix,0,0,0,29,0,0
urq,0,0,0,42,0,0
rix,0,0,0,1,0,0
oph,2,2,0,2,0,0
rou,122,0,0,114,0,0
pu,0,0,0,1,0,0
pub,0,0,0,1,0,0
isq,0,0,0,4,0,0
elq,0,0,0,7,0,0
ueu,0,0,0,2,0,0
msã,0,0,0,3,0,0
nur,6,15,0,1,0,0
vãª,0,0,0,28,0,0
ªti,0,0,0,4,0,0
¼ma,0,0,0,1,0,0
yal,1,0,0,1,0,0
fii,0,0,0,1,0,0
iio,0,0,0,1,0,0
nct,4,0,0,2,0,0
ctu,2,0,0,1,0,0
auf,0,377,0,1,0,0
uf,0,279,0,1,0,0
vou,11,0,0,292,0,0
aã¼,0,0,0,81,0,0
ã¼,0,0,0,77,0,0
¼,0,0,0,77,0,0
ã¼l,0,20,0,4,0,0
¼l,0,0,0,4,0,0
eiz,0,2,0,1,0,0
ize,0,2,0,1,0,0
hep,7,0,0,1,0,0
imh,0,0,0,1,0,0
mhi,0,0,0,1,0,0
uak,0,0,0,1,0,0
six,11,0,0,6,0,0
soe,10,0,0,22,0,0
ixa,0,0,0,7,0,0
xan,0,0,0,7,0,0
geu,0,0,0,1,0,0
geã,0,0,0,2,0,0
ouf,0,0,0,5,0,0
ubs,3,0,0,1,0,0
bsi,0,0,0,1,0,0
ngs,45,19,0,2,0,0
gs,52,5,0,2,0,0
ifs,0,0,0,1,0,0
tau,0,15,0,2,0,0
ouj,0,0,0,3,0,0
tef,0,0,0,1,0,0
nsg,2,0,0,2,0,0
nsp,1,1,0,4,0,0
op,6,1,0,4,0,0
ibh,0,0,0,6,0,0
bho,1,0,0,6,0,0
sok,0,0,0,4,0,0
okh,0,0,0,4,0,0
tãª,0,0,0,16,0,0
rds,53,0,0,1,0,0
nss,0,1,0,3,0,0
vro,0,0,0,1,0,0
voe,0,0,0,2,0,0
yag,0,0,0,4,0,0
abh,1,0,0,0,0,0
bod,4,0,0,0,0,0
bov,6,0,0,0,0,0
roa,12,0,0,0,0,0
ntl,4,1,0,0,0,0
tly,12,0,0,0,0,0
ly,110,0,0,0,0,0
oun,121,0,0,0,0,0
ted,86,0,0,0,0,0
ack,34,32,0,0,0,0
ckn,1,0,0,0,0,0
kno,49,2,0,0,0,0
now,137,0,0,0,0,0
owl,2,0,0,0,0,0
wle,2,0,0,0,0,0
edg,8,0,0,0,0,0
dge,18,1,0,0,0,0
dd,1,0,0,0,0,0
dde,4,4,0,0,0,0
erw,5,31,0,0,0,0
rwa,6,8,0,0,0,0
war,63,335,0,0,0,0
ght,307,0,0,0,0,0
ady,7,0,0,0,0,0
lth,2,0,0,0,0,0
hou,422,0,0,0,0,0
ugh,232,0,0,0,0,0
gh,32,0,0,0,0,0
ry,141,0,0,0,0,0
nsw,19,0,0,0,0,0
swe,26,4,0,0,0,0
wer,155,160,0,0,0,0
any,33,0,0,0,0,0
ny,32,0,0,0,0,0
nyt,2,0,0,0,0,0
yth,2,0,0,0,0,0
rm,9,20,0,0,0,0
rms,9,1,0,0,0,0
rmy,1,0,0,0,0,0
my,342,0,0,0,0,0
yed,17,0,0,0,0,0
sk,5,0,0,0,0,0
ss,181,0,0,0,0,0
sv,79,0,0,0,0,0
awa,48,1,0,0,0,0
wak,1,0,0,0,0,0
way,77,0,0,0,0,0
awo,3,0,0,0,0,0
wok,3,0,0,0,0,0
ck,70,35,0,0,0,0
ckw,1,0,0,0,0,0
kwa,1,0,0,0,0,0
dne,11,4,0,0,0,0
sts,22,0,0,0,0,0
ifu,1,0,0,0,0,0
edc,1,0,0,0,0,0
dch,1,0,0,0,0,0
een,57,4,0,0,0,0
beg,9,55,0,0,0,0
beh,118,14,0,0,0,0
ld,312,48,0,0,0,0
low,26,0,0,0,0,0
ow,189,0,0,0,0,0
w,325,0,0,0,0,0
eav,49,0,0,0,0,0
etw,24,6,0,0,0,0
twe,28,5,0,0,0,0
wee,20,0,0,0,0,0
twi,14,11,0,0,0,0
wix,9,0,0,0,0,0
ixt,14,0,0,0,0,0
xt,10,0,0,0,0,0
bew,1,7,0,0,0,0
ewa,6,10,0,0,0,0
bey,8,0,0,0,0,0
eyo,3,0,0,0,0,0
ird,10,98,0,0,0,0
rth,94,2,0,0,0,0
thd,1,0,0,0,0,0
hda,1,0,0,0,0,0
day,133,0,0,0,0,0
ood,96,0,0,0,0,0
oom,7,0,0,0,0,0
ndm,29,1,0,0,0,0
boo,2,0,0,0,0,0
ook,99,0,0,0,0,0
oot,5,0,0,0,0,0
hs,10,43,0,0,0,0
rn,69,382,0,0,0,0
bow,27,0,0,0,0,0
owe,49,0,0,0,0,0
wed,33,2,0,0,0,0
wel,88,19,0,0,0,0
boy,1,0,0,0,0,0
oys,1,0,0,0,0,0
ozr,1,1,0,0,0,0
eak,45,0,0,0,0,0
hre,113,293,0,0,0,0
ick,14,13,0,0,0,0
cks,43,2,0,0,0,0
ks,48,18,0,0,0,0
roo,7,0,0,0,0,0
ink,38,36,0,0,0,0
nk,40,19,0,0,0,0
bud,1,0,0,0,0,0
udd,1,0,0,0,0,0
ilt,24,11,0,0,0,0
lt,114,111,0,0,0,0
lls,4,55,0,0,0,0
ulr,1,0,0,0,0,0
lru,1,0,0,0,0,0
rnt,3,3,0,0,0,0
ury,19,0,0,0,0,0
ryi,5,0,0,0,0,0
yin,98,0,0,0,0,0
utl,10,0,0,0,0,0
ip,4,0,0,0,0,0
buy,12,0,0,0,0,0
ttl,53,1,0,0,0,0
inl,2,2,0,0,0,0
nly,22,0,0,0,0,0
ief,56,49,0,0,0,0
hoo,4,0,0,0,0,0
umc,12,0,0,0,0,0
mci,12,0,0,0,0,0
ity,28,0,0,0,0,0
ely,23,0,0,0,0,0
omf,8,0,0,0,0,0
mfo,6,0,0,0,0,0
mmu,4,1,0,0,0,0
eiv,23,0,0,0,0,0
uld,57,6,0,0,0,0
,21,0,0,0,0,0
cow,1,0,0,0,0,0
ows,2,0,0,0,0,0
ws,14,0,0,0,0,0
row,23,0,0,0,0,0
own,78,0,0,0,0,0
wn,78,0,0,0,0,0
cry,7,0,0,0,0,0
ily,7,0,0,0,0,0
rkn,4,0,0,0,0,0
kne,24,104,0,0,0,0
aub,1,28,0,0,0,0
eaf,4,0,0,0,0,0
itf,10,0,0,0,0,0
lly,3,0,0,0,0,0
eed,60,0,0,0,0,0
eep,46,0,0,0,0,0
dew,4,0,0,0,0,0
ew,54,0,0,0,0,0
dip,2,0,0,0,0,0
mfi,2,0,0,0,0,0
spl,1,0,0,0,0,0
doe,2,0,0,0,0,0
oer,1,0,0,0,0,0
oet,4,0,0,0,0,0
doo,3,0,0,0,0,0
ubt,1,6,0,0,0,0
bt,1,58,0,0,0,0
dow,67,0,0,0,0,0
owr,2,0,0,0,0,0
wry,2,0,0,0,0,0
raw,20,0,0,0,0,0
aw,82,0,0,0,0,0
adf,1,0,0,0,0,0
dfu,3,0,0,0,0,0
rew,40,0,0,0,0,0
uty,1,0,0,0,0,0
dwe,37,1,0,0,0,0
rly,4,0,0,0,0,0
stw,1,4,0,0,0,0
twa,1,4,0,0,0,0
pty,4,0,0,0,0,0
mpm,1,0,0,0,0,0
pme,1,0,0,0,0,0
ntm,5,0,0,0,0,0
emy,2,0,0,0,0,0
ery,71,0,0,0,0,0
ewe,10,44,0,0,0,0
wes,9,51,0,0,0,0
cee,7,0,0,0,0,0
gly,4,0,0,0,0,0
ncy,1,0,0,0,0,0
cy,2,0,0,0,0,0
xch,2,0,0,0,0,0
xec,1,0,0,0,0,0
zbo,1,1,0,0,0,0
tne,9,0,0,0,0,0
arf,1,9,0,0,0,0
fee,19,0,0,0,0,0
eeb,2,0,0,0,0,0
etc,25,0,0,0,0,0
tch,39,0,0,0,0,0
few,5,0,0,0,0,0
lds,5,0,0,0,0,0
fif,6,0,0,0,0,0
tee,10,0,0,0,0,0
fth,4,0,0,0,0,0
rst,52,153,0,0,0,0
stl,7,5,0,0,0,0
tli,3,13,0,0,0,0
fiv,5,0,0,0,0,0
ags,2,1,0,0,0,0
lax,2,0,0,0,0,0
ax,2,0,0,0,0,0
ods,15,0,0,0,0,0
owi,4,0,0,0,0,0
win,20,8,0,0,0,0
foa,2,0,0,0,0,0
oal,2,0,0,0,0,0
olk,1,118,0,0,0,0
lk,10,104,0,0,0,0
wet,4,0,0,0,0,0
foo,27,0,0,0,0,0
shl,1,0,0,0,0,0
hly,3,0,0,0,0,0
smu,3,0,0,0,0,0
gn,10,0,0,0,0,0
ski,3,2,0,0,0,0
rty,17,0,0,0,0,0
orw,1,0,0,0,0,0
rsc,3,38,0,0,0,0
ogs,11,0,0,0,0,0
ulf,9,0,0,0,0,0
lfi,9,0,0,0,0,0
gho,22,0,0,0,0,0
gif,3,0,0,0,0,0
fts,1,0,0,0,0,0
iou,9,0,0,0,0,0
sly,4,0,0,0,0,0
ory,12,0,0,0,0,0
goa,15,0,0,0,0,0
goe,7,0,0,0,0,0
oes,6,0,0,0,0,0
odl,4,0,0,0,0,0
dly,9,0,0,0,0,0
atl,2,0,0,0,0,0
zzl,2,0,0,0,0,0
zle,2,0,0,0,0,0
oan,2,0,0,0,0,0
lty,1,0,0,0,0,0
ads,7,2,0,0,0,0
iry,3,0,0,0,0,0
alf,1,2,0,0,0,0
lf,32,13,0,0,0,0
ndf,2,0,0,0,0,0
ppy,2,0,0,0,0,0
py,2,0,0,0,0,0
rdl,1,0,0,0,0,0
hea,161,0,0,0,0,0
eap,13,0,0,0,0,0
aps,1,0,0,0,0,0
avy,1,0,0,0,0,0
vy,1,0,0,0,0,0
ews,10,0,0,0,0,0
hee,258,21,0,0,0,0
elp,3,0,0,0,0,0
lp,2,0,0,0,0,0
rb,5,19,0,0,0,0
rbs,1,0,0,0,0,0
dsm,2,0,0,0,0,0
eby,4,0,0,0,0,0
elf,34,3,0,0,0,0
ims,19,6,0,0,0,0
hoa,1,0,0,0,0,0
hoc,1,2,0,0,0,0
cke,5,83,0,0,0,0
oly,5,0,0,0,0,0
ney,50,0,0,0,0,0
oof,1,0,0,0,0,0
of,1406,0,0,0,0,0
otl,1,0,0,0,0,0
how,31,0,0,0,0,0
owb,1,0,0,0,0,0
wbe,1,0,0,0,0,0
edf,2,0,0,0,0,0
dfo,1,0,0,0,0,0
usb,6,3,0,0,0,0
inw,1,8,0,0,0,0
nwa,2,2,0,0,0,0
jew,8,0,0,0,0,0
eys,1,0,0,0,0,0
udg,9,0,0,0,0,0
dgm,3,0,0,0,0,0
gme,3,0,0,0,0,0
kee,22,0,0,0,0,0
kid,5,0,0,0,0,0
kil,12,0,0,0,0,0
new,18,8,0,0,0,0
law,12,0,0,0,0,0
aws,2,0,0,0,0,0
egs,1,4,0,0,0,0
lik,12,0,0,0,0,0
ips,3,0,0,0,0,0
loa,1,0,0,0,0,0
odg,7,0,0,0,0,0
dgi,3,0,0,0,0,0
ngk,3,0,0,0,0,0
gki,3,0,0,0,0,0
lyi,3,0,0,0,0,0
chp,6,0,0,0,0,0
rcy,1,0,0,0,0,0
idn,2,0,0,0,0,0
nig,34,61,0,0,0,0
idw,10,1,0,0,0,0
dwi,10,0,0,0,0,0
wif,68,0,0,0,0,0
wiv,19,0,0,0,0,0
mix,1,0,0,0,0,0
xed,5,0,0,0,0,0
moo,3,0,0,0,0,0
oon,7,0,0,0,0,0
eov,12,0,0,0,0,0
ply,7,0,0,0,0,0
rh,2,0,0,0,0,0
ahs,1,1,0,0,0,0
edn,3,0,0,0,0,0
nay,4,0,0,0,0,0
eck,19,56,0,0,0,0
ghb,4,0,0,0,0,0
nex,1,0,0,0,0,0
noo,2,0,0,0,0,0
otw,1,0,0,0,0,0
wit,319,4,0,0,0,0
hst,1,17,0,0,0,0
oak,2,0,0,0,0,0
bta,1,0,0,0,0,0
ff,28,1,0,0,0,0
onw,1,0,0,0,0,0
tst,1,2,0,0,0,0
too,98,0,0,0,0,0
ox,1,0,0,0,0,0
oxe,1,0,0,0,0,0
xen,1,0,0,0,0,0
pee,5,0,0,0,0,0
peo,119,0,0,0,0,0
eop,119,0,0,0,0,0
dve,7,0,0,0,0,0
aoh,200,0,0,0,0,0
neh,1,41,0,0,0,0
phy,2,0,0,0,0,0
ysi,3,0,0,0,0,0
ilg,2,2,0,0,0,0
lgr,2,0,0,0,0,0
itc,12,0,0,0,0,0
eou,5,0,0,0,0,0
nty,12,0,0,0,0,0
poo,3,0,0,0,0,0
pov,1,0,0,0,0,0
pow,5,0,0,0,0,0
ify,2,0,0,0,0,0
fy,2,0,0,0,0,0
ckl,10,4,0,0,0,0
kly,1,0,0,0,0,0
eem,9,0,0,0,0,0
oac,2,0,0,0,0,0
usn,1,0,0,0,0,0
sne,1,0,0,0,0,0
htl,1,0,0,0,0,0
gst,7,24,0,0,0,0
oas,2,0,0,0,0,0
ghl,2,0,0,0,0,0
run,3,52,0,0,0,0
ckc,1,0,0,0,0,0
kcl,1,0,0,0,0,0
ddl,1,0,0,0,0,0
ary,2,0,0,0,0,0
saw,52,1,0,0,0,0
say,137,0,0,0,0,0
ayi,90,0,0,0,0,0
eei,4,1,0,0,0,0
eek,5,0,0,0,0,0
lfs,3,0,0,0,0,0
fsa,3,0,0,0,0,0
epf,1,0,0,0,0,0
pfo,1,4,0,0,0,0
hek,4,0,0,0,0,0
rtl,1,0,0,0,0,0
gns,7,0,0,0,0,0
ilv,12,0,0,0,0,0
xth,4,0,0,0,0,0
ilf,1,7,0,0,0,0
lfu,1,0,0,0,0,0
lew,6,0,0,0,0,0
sli,1,1,0,0,0,0
mnl,1,0,0,0,0,0
soo,4,0,0,0,0,0
sow,2,3,0,0,0,0
eec,1,0,0,0,0,0
pok,14,0,0,0,0,0
nkl,2,8,0,0,0,0
taf,5,0,0,0,0,0
tay,4,0,0,0,0,0
dfa,1,0,0,0,0,0
tew,4,0,0,0,0,0
oop,2,0,0,0,0,0
itl,2,1,0,0,0,0
aks,1,11,0,0,0,0
gth,9,0,0,0,0,0
ggl,1,0,0,0,0,0
tub,4,0,0,0,0,0
ubb,4,0,0,0,0,0
suf,3,0,0,0,0,0
swa,23,1,0,0,0,0
wal,14,6,0,0,0,0
wea,10,0,0,0,0,0
swo,11,0,0,0,0,0
wor,64,121,0,0,0,0
lke,5,18,0,0,0,0
skm,6,0,0,0,0,0
kma,6,2,0,0,0,0
sks,2,0,0,0,0,0
skw,1,0,0,0,0,0
kwo,1,0,0,0,0,0
ork,10,0,0,0,0,0
hei,167,70,0,0,0,0
ems,12,12,0,0,0,0
eof,16,0,0,0,0,0
hey,314,0,0,0,0,0
hru,2,5,0,0,0,0
hy,303,0,0,0,0,0
yse,6,0,0,0,0,0
oo,2,0,0,0,0,0
tow,18,0,0,0,0,0
owa,17,0,0,0,0,0
ic,1,0,0,0,0,0
mph,2,0,0,0,0,0
ghs,4,0,0,0,0,0
uly,2,0,0,0,0,0
wen,107,78,0,0,0,0
wic,5,2,0,0,0,0
two,33,71,0,0,0,0
wo,33,36,0,0,0,0
naw,3,0,0,0,0,0
unl,8,0,0,0,0,0
utm,1,0,0,0,0,0
tmo,1,0,0,0,0,0
vow,4,0,0,0,0,0
waf,1,1,0,0,0,0
afe,1,43,0,0,0,0
wag,11,19,0,0,0,0
wai,1,0,0,0,0,0
wan,1,51,0,0,0,0
was,264,186,0,0,0,0
wat,62,0,0,0,0,0
atc,2,0,0,0,0,0
wax,4,0,0,0,0,0
axe,4,0,0,0,0,0
we,125,3,0,0,0,0
wei,4,238,0,0,0,0
lfa,1,3,0,0,0,0
wep,15,0,0,0,0,0
wha,59,0,0,0,0,0
oev,10,0,0,0,0,0
whe,212,0,0,0,0,0
ewi,8,12,0,0,0,0
whi,152,0,0,0,0,0
who,99,0,0,0,0,0
mso,2,1,0,0,0,0
why,8,0,0,0,0,0
wid,3,28,0,0,0,0
owh,2,0,0,0,0,0
wil,261,174,0,0,0,0
wis,6,25,0,0,0,0
thh,1,0,0,0,0,0
hhe,1,0,0,0,0,0
wol,1,52,0,0,0,0
olf,1,2,0,0,0,0
wom,29,2,0,0,0,0
won,7,1,0,0,0,0
woo,1,0,0,0,0,0
rks,2,0,0,0,0,0
wou,13,0,0,0,0,0
wra,4,0,0,0,0,0
wre,4,0,0,0,0,0
wri,1,0,0,0,0,0
wro,8,0,0,0,0,0
yie,2,0,0,0,0,0
yok,1,0,0,0,0,0
you,273,0,0,0,0,0
zeb,5,0,0,0,0,0
chr,1,30,0,0,0,0
abg,0,2,0,0,0,0
bge,0,4,0,0,0,0
gef,0,82,0,0,0,0
chs,0,47,0,0,0,0
eln,0,27,0,0,0,0
ln,0,26,0,0,0,0
cht,0,888,0,0,0,0
htz,0,3,0,0,0,0
tzi,0,5,0,0,0,0
zig,0,38,0,0,0,0
ig,0,129,0,0,0,0
lld,0,3,0,0,0,0
amt,0,25,0,0,0,0
mt,0,63,0,0,0,0
llh,0,1,0,0,0,0
lhi,0,1,0,0,0,0
lsd,0,3,0,0,0,0
sda,0,3,0,0,0,0
nn,0,331,0,0,0,0
alw,0,2,0,0,0,0
lwa,0,2,0,0,0,0
wa,0,2,0,0,0,0
mtl,0,6,0,0,0,0
mtm,0,4,0,0,0,0
anb,0,1,0,0,0,0
nbr,0,2,0,0,0,0
rnm,0,1,0,0,0,0
nma,0,5,0,0,0,0
rã¼,0,127,0,0,0,0
ã¼h,0,87,0,0,0,0
¼hr,0,62,0,0,0,0
hrt,0,58,0,0,0,0
agt,0,118,0,0,0,0
anh,0,3,0,0,0,0
ehm,0,49,0,0,0,0
nsc,0,22,0,0,0,0
chl,0,81,0,0,0,0
ag,0,38,0,0,0,0
itz,0,11,0,0,0,0
tz,0,8,0,0,0,0
ntw,0,75,0,0,0,0
anw,0,1,0,0,0,0
nwi,0,1,0,0,0,0
wie,0,217,0,0,0,0
hl,0,51,0,0,0,0
nzu,0,6,0,0,0,0
zus,0,13,0,0,0,0
aue,0,17,0,0,0,0
zuz,0,2,0,0,0,0
ieh,0,236,0,0,0,0
rmr,0,3,0,0,0,0
rzt,0,12,0,0,0,0
zt,0,20,0,0,0,0
ahr,0,82,0,0,0,0
ufg,0,11,0,0,0,0
fga,0,1,0,0,0,0
fge,0,9,0,0,0,0
geh,0,118,0,0,0,0
fgr,0,1,0,0,0,0
ufh,0,6,0,0,0,0
fhã,0,6,0,0,0,0
ufl,0,5,0,0,0,0
ehn,0,26,0,0,0,0
hne,0,233,0,0,0,0
ufm,0,1,0,0,0,0
fma,0,2,0,0,0,0
fsc,0,1,0,0,0,0
hã¼,0,45,0,0,0,0
ã¼t,0,45,0,0,0,0
¼tt,0,23,0,0,0,0
fst,0,4,0,0,0,0
teh,0,14,0,0,0,0
ufw,0,1,0,0,0,0
fwa,0,1,0,0,0,0
wac,0,15,0,0,0,0
rwã,0,15,0,0,0,0
wã,0,38,0,0,0,0
usf,0,3,0,0,0,0
sfã,0,3,0,0,0,0
fã¼,0,210,0,0,0,0
usg,0,28,0,0,0,0
sge,0,27,0,0,0,0
efã,0,34,0,0,0,0
geg,0,96,0,0,0,0
ckt,0,56,0,0,0,0
dt,0,43,0,0,0,0
ezo,0,8,0,0,0,0
sgi,0,1,0,0,0,0
ieã,0,117,0,0,0,0
eãÿ,0,117,0,0,0,0
ãÿe,0,103,0,0,0,0
ÿes,0,13,0,0,0,0
usr,0,5,0,0,0,0
sru,0,1,0,0,0,0
ssc,0,1,0,0,0,0
sst,0,3,0,0,0,0
usz,0,6,0,0,0,0
szi,0,5,0,0,0,0
auã,0,7,0,0,0,0
uãÿ,0,35,0,0,0,0
ÿen,0,56,0,0,0,0
ÿer,0,8,0,0,0,0
awi,0,1,0,0,0,0
aãÿ,0,494,0,0,0,0
ãÿ,0,604,0,0,0,0
ÿ,0,604,0,0,0,0
rmh,0,10,0,0,0,0
mhe,0,14,0,0,0,0
igk,0,13,0,0,0,0
gke,0,13,0,0,0,0
kei,0,61,0,0,0,0
rf,0,9,0,0,0,0
ã¼c,0,27,0,0,0,0
¼ck,0,23,0,0,0,0
kst,0,1,0,0,0,0
feh,0,5,0,0,0,0
ehl,0,5,0,0,0,0
foh,0,2,0,0,0,0
ohl,0,43,0,0,0,0
oãÿ,0,51,0,0,0,0
abt,0,30,0,0,0,0
ub,0,10,0,0,0,0
¼te,0,20,0,0,0,0
eid,0,111,0,0,0,0
eie,0,13,0,0,0,0
nan,0,34,0,0,0,0
eim,0,23,0,0,0,0
eiã,0,59,0,0,0,0
iãÿ,0,72,0,0,0,0
ekl,0,1,0,0,0,0
kã¼,0,35,0,0,0,0
edt,0,2,0,0,0,0
chn,0,17,0,0,0,0
chw,0,104,0,0,0,0
hwe,0,47,0,0,0,0
hwã,0,9,0,0,0,0
tze,0,20,0,0,0,0
zes,0,3,0,0,0,0
mmt,0,33,0,0,0,0
mte,0,7,0,0,0,0
ã¼b,0,155,0,0,0,0
¼bt,0,1,0,0,0,0
ã¼g,0,7,0,0,0,0
¼ge,0,5,0,0,0,0
¼gl,0,2,0,0,0,0
eib,0,132,0,0,0,0
loã,0,1,0,0,0,0
blu,0,19,0,0,0,0
utb,0,2,0,0,0,0
tbr,0,3,0,0,0,0
lã¼,0,11,0,0,0,0
¼ht,0,1,0,0,0,0
bog,0,3,0,0,0,0
opf,0,29,0,0,0,0
pfe,0,44,0,0,0,0
nnt,0,43,0,0,0,0
unn,0,29,0,0,0,0
ã¼d,0,75,0,0,0,0
¼de,0,75,0,0,0,0
ã¼s,0,37,0,0,0,0
¼st,0,28,0,0,0,0
bã¼,0,9,0,0,0,0
ã¼n,0,65,0,0,0,0
¼nd,0,24,0,0,0,0
ã¼r,0,171,0,0,0,0
¼rg,0,16,0,0,0,0
¼sc,0,1,0,0,0,0
htn,0,1,0,0,0,0
enb,0,6,0,0,0,0
nbl,0,1,0,0,0,0
¼be,0,130,0,0,0,0
lbs,0,44,0,0,0,0
zu,0,573,0,0,0,0
zug,0,6,0,0,0,0
mms,0,6,0,0,0,0
mst,0,8,0,0,0,0
mã¼,0,28,0,0,0,0
¼ti,0,1,0,0,0,0
enk,0,51,0,0,0,0
nkm,0,2,0,0,0,0
sgl,0,6,0,0,0,0
esw,0,1,0,0,0,0
swi,0,2,0,0,0,0
euc,0,127,0,0,0,0
ebs,0,6,0,0,0,0
sth,0,2,0,0,0,0
iew,0,4,0,0,0,0
tsc,0,1,0,0,0,0
eih,0,5,0,0,0,0
eiu,0,3,0,0,0,0
ndd,0,6,0,0,0,0
ddr,0,6,0,0,0,0
ãÿi,0,12,0,0,0,0
ÿig,0,12,0,0,0,0
dã¼,0,8,0,0,0,0
¼nn,0,3,0,0,0,0
¼rf,0,2,0,0,0,0
rfe,0,7,0,0,0,0
¼rr,0,2,0,0,0,0
¼rs,0,47,0,0,0,0
owo,0,3,0,0,0,0
woh,0,81,0,0,0,0
inb,0,2,0,0,0,0
hlo,0,1,0,0,0,0
etz,0,44,0,0,0,0
tzt,0,32,0,0,0,0
gew,0,63,0,0,0,0
ndz,0,4,0,0,0,0
dzw,0,2,0,0,0,0
zwa,0,9,0,0,0,0
igs,0,5,0,0,0,0
nwo,0,3,0,0,0,0
ohn,0,201,0,0,0,0
zel,0,6,0,0,0,0
zut,0,1,0,0,0,0
mpf,0,6,0,0,0,0
pfa,0,4,0,0,0,0
pfi,0,2,0,0,0,0
orh,0,11,0,0,0,0
ntb,0,1,0,0,0,0
ntf,0,3,0,0,0,0
tfi,0,1,0,0,0,0
tfl,0,1,0,0,0,0
tfã,0,3,0,0,0,0
ntg,0,12,0,0,0,0
tge,0,43,0,0,0,0
zte,0,27,0,0,0,0
rbb,0,5,0,0,0,0
ebt,0,19,0,0,0,0
rbt,0,5,0,0,0,0
lst,0,56,0,0,0,0
fuh,0,7,0,0,0,0
uhr,0,7,0,0,0,0
hr,0,271,0,0,0,0
rfã,0,4,0,0,0,0
¼ll,0,20,0,0,0,0
rgr,0,3,0,0,0,0
erh,0,37,0,0,0,0
rhã,0,16,0,0,0,0
hlu,0,13,0,0,0,0
stg,0,29,0,0,0,0
rtr,0,3,0,0,0,0
rwe,0,2,0,0,0,0
wec,0,1,0,0,0,0
rwi,0,1,0,0,0,0
rwo,0,4,0,0,0,0
wã¼,0,57,0,0,0,0
rgt,0,6,0,0,0,0
zei,0,53,0,0,0,0
zã¼,0,3,0,0,0,0
¼rn,0,3,0,0,0,0
wig,0,8,0,0,0,0
fad,0,2,0,0,0,0
lsc,0,1,0,0,0,0
faã,0,2,0,0,0,0
ãÿt,0,83,0,0,0,0
ÿte,0,24,0,0,0,0
hlt,0,11,0,0,0,0
fei,0,18,0,0,0,0
rkl,0,3,0,0,0,0
ldh,0,2,0,0,0,0
ptm,0,8,0,0,0,0
ÿt,0,59,0,0,0,0
lgt,0,6,0,0,0,0
rtz,0,1,0,0,0,0
md,0,1,0,0,0,0
mde,0,6,0,0,0,0
mdl,0,12,0,0,0,0
dsc,0,15,0,0,0,0
haf,0,64,0,0,0,0
dsa,0,1,0,0,0,0
htb,0,7,0,0,0,0
tba,0,7,0,0,0,0
¼ch,0,4,0,0,0,0
¼h,0,6,0,0,0,0
¼hl,0,4,0,0,0,0
ÿe,0,25,0,0,0,0
¼nf,0,12,0,0,0,0
nf,0,4,0,0,0,0
nfm,0,1,0,0,0,0
nft,0,6,0,0,0,0
nfz,0,1,0,0,0,0
fze,0,2,0,0,0,0
zeh,0,31,0,0,0,0
hnt,0,29,0,0,0,0
¼r,0,47,0,0,0,0
¼rc,0,24,0,0,0,0
¼rd,0,18,0,0,0,0
ã¼ã,0,25,0,0,0,0
¼ãÿ,0,25,0,0,0,0
gae,0,2,0,0,0,0
gde,0,8,0,0,0,0
gdl,0,1,0,0,0,0
efl,0,12,0,0,0,0
nã¼,0,8,0,0,0,0
¼rt,0,2,0,0,0,0
lfe,0,1,0,0,0,0
gei,0,4,0,0,0,0
gek,0,26,0,0,0,0
ekr,0,1,0,0,0,0
¼bd,0,2,0,0,0,0
nau,0,35,0,0,0,0
nug,0,7,0,0,0,0
gep,0,2,0,0,0,0
lbt,0,4,0,0,0,0
chm,0,7,0,0,0,0
hoã,0,5,0,0,0,0
hwo,0,9,0,0,0,0
toã,0,1,0,0,0,0
tã¼,0,14,0,0,0,0
¼rz,0,8,0,0,0,0
sã¼,0,12,0,0,0,0
wah,0,10,0,0,0,0
wiã,0,4,0,0,0,0
ewo,0,23,0,0,0,0
ewu,0,1,0,0,0,0
wuã,0,8,0,0,0,0
zeu,0,14,0,0,0,0
ugt,0,8,0,0,0,0
hwi,0,10,0,0,0,0
tlo,0,1,0,0,0,0
abm,0,1,0,0,0,0
bma,0,1,0,0,0,0
eif,0,9,0,0,0,0
mm,0,35,0,0,0,0
ÿem,0,1,0,0,0,0
¼ne,0,3,0,0,0,0
¼nt,0,1,0,0,0,0
haa,0,3,0,0,0,0
ptl,0,2,0,0,0,0
nns,0,5,0,0,0,0
usv,0,1,0,0,0,0
gtu,0,1,0,0,0,0
img,0,2,0,0,0,0
mge,0,5,0,0,0,0
imk,0,3,0,0,0,0
mka,0,2,0,0,0,0
mkã,0,1,0,0,0,0
iml,0,3,0,0,0,0
mli,0,7,0,0,0,0
msu,0,3,0,0,0,0
lft,0,2,0,0,0,0
abk,0,1,0,0,0,0
bko,0,1,0,0,0,0
ufk,0,1,0,0,0,0
fkr,0,1,0,0,0,0
usk,0,5,0,0,0,0
sko,0,4,0,0,0,0
szu,0,2,0,0,0,0
eik,0,1,0,0,0,0
nka,0,2,0,0,0,0
rrl,0,7,0,0,0,0
chk,0,10,0,0,0,0
hke,0,4,0,0,0,0
uml,0,1,0,0,0,0
mle,0,4,0,0,0,0
abz,0,6,0,0,0,0
bzi,0,9,0,0,0,0
bzo,0,1,0,0,0,0
bzu,0,1,0,0,0,0
ufz,0,6,0,0,0,0
fzi,0,4,0,0,0,0
nzo,0,1,0,0,0,0
nwe,0,6,0,0,0,0
weg,0,34,0,0,0,0
egf,0,3,0,0,0,0
gfa,0,1,0,0,0,0
hmt,0,7,0,0,0,0
chz,0,4,0,0,0,0
tsm,0,1,0,0,0,0
olz,0,6,0,0,0,0
lz,0,6,0,0,0,0
hrl,0,1,0,0,0,0
hrs,0,3,0,0,0,0
hul,0,7,0,0,0,0
rtd,0,2,0,0,0,0
tdr,0,2,0,0,0,0
rtf,0,2,0,0,0,0
dsi,0,1,0,0,0,0
ebz,0,7,0,0,0,0
dze,0,2,0,0,0,0
hn,0,313,0,0,0,0
¼bs,0,4,0,0,0,0
ã¼f,0,10,0,0,0,0
¼ft,0,8,0,0,0,0
hm,0,291,0,0,0,0
ihr,0,363,0,0,0,0
jae,0,3,0,0,0,0
jag,0,9,0,0,0,0
gd,0,17,0,0,0,0
isw,0,2,0,0,0,0
wi,0,1,0,0,0,0
phs,0,19,0,0,0,0
ngf,0,4,0,0,0,0
gfr,0,4,0,0,0,0
jã¼,0,22,0,0,0,0
¼ng,0,22,0,0,0,0
bsw,0,4,0,0,0,0
gee,0,1,0,0,0,0
kna,0,16,0,0,0,0
knã,0,1,0,0,0,0
rnh,0,2,0,0,0,0
nhã,0,2,0,0,0,0
nkh,0,1,0,0,0,0
khe,0,1,0,0,0,0
gsh,0,1,0,0,0,0
gsm,0,1,0,0,0,0
kuc,0,1,0,0,0,0
ndg,0,1,0,0,0,0
¼he,0,13,0,0,0,0
¼hn,0,1,0,0,0,0
¼ss,0,8,0,0,0,0
ibw,0,1,0,0,0,0
bwa,0,1,0,0,0,0
htf,0,2,0,0,0,0
tfe,0,2,0,0,0,0
idt,0,1,0,0,0,0
ebh,0,1,0,0,0,0
bha,0,1,0,0,0,0
obg,0,2,0,0,0,0
osz,0,1,0,0,0,0
zul,0,2,0,0,0,0
lzt,0,1,0,0,0,0
hlz,0,1,0,0,0,0
itg,0,1,0,0,0,0
ãÿg,0,1,0,0,0,0
ÿge,0,1,0,0,0,0
enr,0,2,0,0,0,0
enw,0,1,0,0,0,0
pft,0,6,0,0,0,0
uck,0,1,0,0,0,0
muh,0,1,0,0,0,0
uhm,0,1,0,0,0,0
utw,0,3,0,0,0,0
chd,0,6,0,0,0,0
hde,0,6,0,0,0,0
chf,0,1,0,0,0,0
hfo,0,1,0,0,0,0
chg,0,2,0,0,0,0
hge,0,1,0,0,0,0
hgi,0,1,0,0,0,0
chj,0,4,0,0,0,0
hsa,0,1,0,0,0,0
ahm,0,73,0,0,0,0
ngn,0,11,0,0,0,0
ekn,0,1,0,0,0,0
nkr,0,1,0,0,0,0
nnl,0,8,0,0,0,0
nli,0,5,0,0,0,0
otd,0,1,0,0,0,0
tdu,0,1,0,0,0,0
urf,0,1,0,0,0,0
nba,0,4,0,0,0,0
ohr,0,5,0,0,0,0
pfr,0,1,0,0,0,0
lmb,0,1,0,0,0,0
lbã,0,1,0,0,0,0
hop,0,1,0,0,0,0
auk,0,3,0,0,0,0
pfl,0,6,0,0,0,0
nzt,0,1,0,0,0,0
ao,0,148,0,0,0,0
huv,0,1,0,0,0,0
¼fe,0,2,0,0,0,0
aem,0,3,0,0,0,0
auh,0,3,0,0,0,0
uh,0,3,0,0,0,0
ekk,0,29,0,0,0,0
kka,0,29,0,0,0,0
uhi,0,1,0,0,0,0
mml,0,4,0,0,0,0
fft,0,3,0,0,0,0
atz,0,1,0,0,0,0
lfm,0,4,0,0,0,0
fme,0,4,0,0,0,0
afk,0,1,0,0,0,0
fka,0,1,0,0,0,0
ugs,0,1,0,0,0,0
hnu,0,8,0,0,0,0
iee,0,2,0,0,0,0
chu,0,9,0,0,0,0
hwa,0,24,0,0,0,0
hwu,0,5,0,0,0,0
wur,0,29,0,0,0,0
¼tz,0,1,0,0,0,0
rtt,0,1,0,0,0,0
dse,0,1,0,0,0,0
hzi,0,2,0,0,0,0
itd,0,3,0,0,0,0
tde,0,3,0,0,0,0
fzt,0,1,0,0,0,0
bze,0,2,0,0,0,0
ehs,0,11,0,0,0,0
pã¼,0,1,0,0,0,0
¼re,0,1,0,0,0,0
adt,0,24,0,0,0,0
irb,0,1,0,0,0,0
tuh,0,4,0,0,0,0
uhl,0,4,0,0,0,0
ukk,0,4,0,0,0,0
kko,0,4,0,0,0,0
tts,0,1,0,0,0,0
umg,0,3,0,0,0,0
umh,0,4,0,0,0,0
umk,0,1,0,0,0,0
mke,0,1,0,0,0,0
ums,0,2,0,0,0,0
unb,0,6,0,0,0,0
nbe,0,5,0,0,0,0
unf,0,6,0,0,0,0
¼m,0,1,0,0,0,0
unr,0,1,0,0,0,0
nsr,0,10,0,0,0,0
unw,0,2,0,0,0,0
rfl,0,2,0,0,0,0
rdn,0,4,0,0,0,0
mlu,0,1,0,0,0,0
rwu,0,1,0,0,0,0
wun,0,11,0,0,0,0
ehh,0,3,0,0,0,0
hhi,0,3,0,0,0,0
rhu,0,5,0,0,0,0
lks,0,5,0,0,0,0
vom,0,21,0,0,0,0
hms,0,1,0,0,0,0
hrh,0,2,0,0,0,0
llf,0,4,0,0,0,0
¼mp,0,1,0,0,0,0
gfã,0,2,0,0,0,0
weh,0,12,0,0,0,0
ehk,0,2,0,0,0,0
hkl,0,2,0,0,0,0
hmu,0,3,0,0,0,0
wem,0,1,0,0,0,0
idd,0,4,0,0,0,0
ldb,0,6,0,0,0,0
dbr,0,6,0,0,0,0
lfã,0,1,0,0,0,0
wim,0,1,0,0,0,0
wir,0,216,0,0,0,0
irf,0,2,0,0,0,0
itw,0,3,0,0,0,0
woc,0,2,0,0,0,0
wog,0,1,0,0,0,0
wuc,0,6,0,0,0,0
wus,0,1,0,0,0,0
¼rm,0,1,0,0,0,0
nks,0,1,0,0,0,0
zau,0,8,0,0,0,0
hnm,0,2,0,0,0,0
tla,0,1,0,0,0,0
ltd,0,1,0,0,0,0
tdã,0,1,0,0,0,0
ugn,0,3,0,0,0,0
nbo,0,3,0,0,0,0
nsb,0,1,0,0,0,0
phj,0,1,0,0,0,0
hjo,0,1,0,0,0,0
zub,0,1,0,0,0,0
zue,0,1,0,0,0,0
zuh,0,4,0,0,0,0
uha,0,1,0,0,0,0
zum,0,56,0,0,0,0
ckf,0,1,0,0,0,0
kfa,0,1,0,0,0,0
zuv,0,8,0,0,0,0
zuw,0,1,0,0,0,0
uwe,0,1,0,0,0,0
zwe,0,32,0,0,0,0
zwi,0,28,0,0,0,0
zwã,0,6,0,0,0,0
¼br,0,18,0,0,0,0
igb,0,4,0,0,0,0
gbl,0,4,0,0,0,0
ãÿl,0,7,0,0,0,0
ÿli,0,7,0,0,0,0
ãœb,0,6,0,0,0,0
œbe,0,5,0,0,0,0
œbl,0,1,0,0,0,0
